StationId,StationName,LowOrPeakDescFull,year_key,month_key,day_1,day_2,day_3,day_4,day_5,day_6,day_7,day_8,day_9,day_10,day_11,day_12,day_13,day_14,day_15,day_16,day_17,day_18,day_19,day_20,day_21,day_22,day_23,day_24,day_25,day_26,day_27,day_28,day_29,day_30,day_31
17038,תל אביב מרכז,04:00 - 05:59 - שפל לפנות בוקר,2023,1,279,137,112,126,104,44,,157,125,110,121,107,69,,161,125,125,125,141,59,,187,124,124,151,119,69,,131,152,99
17038,תל אביב מרכז,04:00 - 05:59 - שפל לפנות בוקר,2023,2,117,108,67,,134,127,96,106,119,85,,135,138,135,111,132,106,,149,125,103,133,137,226,,172,171,124,,,
17038,תל אביב מרכז,04:00 - 05:59 - שפל לפנות בוקר,2023,3,138,153,135,,151,163,285,151,161,159,,196,132,115,140,130,120,,141,131,142,153,148,80,,167,131,144,132,136,135
17038,תל אביב מרכז,04:00 - 05:59 - שפל לפנות בוקר,2023,4,,178,139,117,118,,72,,102,104,75,,99,103,,186,126,128,139,142,103,,150,116,117,350,152,135,,170,
17038,תל אביב מרכז,04:00 - 05:59 - שפל לפנות בוקר,2023,5,150,137,129,135,77,,179,118,131,43,103,95,,174,137,118,140,149,127,,170,143,137,116,214,,,201,142,156,153
17038,תל אביב מרכז,04:00 - 05:59 - שפל לפנות בוקר,2023,6,135,75,,202,142,141,122,141,151,1,161,171,138,151,135,171,,192,158,143,178,168,143,,182,146,145,174,175,164,
17038,תל אביב מרכז,04:00 - 05:59 - שפל לפנות בוקר,2023,7,,147,172,157,156,181,121,,182,133,150,168,170,162,,198,148,138,151,154,131,,195,147,113,140,121,111,,154,145
17038,תל אביב מרכז,04:00 - 05:59 - שפל לפנות בוקר,2023,8,129,157,137,135,,167,148,139,141,164,116,,146,175,143,129,154,157,,181,139,116,145,136,129,,193,138,185,157,184
17038,תל אביב מרכז,04:00 - 05:59 - שפל לפנות בוקר,2023,9,147,,158,144,134,155,152,187,,195,144,133,156,126,172,,,178,161,168,197,163,,151,,176,132,171,161,,
17038,תל אביב מרכז,04:00 - 05:59 - שפל לפנות בוקר,2023,10,151,137,147,171,186,329,,46,57,50,46,44,20,,46,49,41,47,39,30,,58,56,53,60,45,45,,82,62,53
17038,תל אביב מרכז,04:00 - 05:59 - שפל לפנות בוקר,2023,11,75,69,26,1,72,70,76,89,75,50,,100,68,79,82,84,62,,83,86,93,70,87,48,,116,78,96,114,80,
17038,תל אביב מרכז,04:00 - 05:59 - שפל לפנות בוקר,2023,12,60,,118,106,95,98,86,72,,98,81,102,104,120,67,,126,100,91,104,102,69,,104,69,71,,,,,
17038,תל אביב מרכז,06:00 - 08:59 - שיא בוקר,2023,1,2059,2457,2122,2272,2056,409,2,2582,2309,2275,2212,2057,600,,2539,2309,2109,2218,1816,593,,2525,2177,2074,2078,1882,490,,2574,1947,1721
17038,תל אביב מרכז,06:00 - 08:59 - שיא בוקר,2023,2,1661,1707,460,,2217,1825,1451,1745,1646,548,,2372,2508,1982,2094,2021,659,,2438,2100,2099,2138,1729,1228,,2413,2038,2035,,,
17038,תל אביב מרכז,06:00 - 08:59 - שיא בוקר,2023,3,2203,1938,818,,2212,1977,1450,1940,2011,852,,2548,2198,1861,2091,1922,721,,2503,1982,2060,2168,2057,827,2,2503,2002,1918,2191,1879,757
17038,תל אביב מרכז,06:00 - 08:59 - שיא בוקר,2023,4,,2460,1928,1575,999,,428,,1299,1125,983,,1357,521,,2566,2280,2015,2252,1995,815,,2650,2059,1813,532,2185,592,1,2616,
17038,תל אביב מרכז,06:00 - 08:59 - שיא בוקר,2023,5,2185,2240,2179,1942,941,,2495,2242,1972,1189,1542,801,,2368,2129,2083,2270,1918,784,,2654,2167,2186,2151,1291,,1,2643,2237,2137,2390
17038,תל אביב מרכז,06:00 - 08:59 - שיא בוקר,2023,6,1947,687,,2631,2266,2229,2295,2055,890,,2593,2741,2235,2317,2071,894,,2671,2303,2211,2210,2062,897,,2571,2234,2186,2159,1933,775,
17038,תל אביב מרכז,06:00 - 08:59 - שיא בוקר,2023,7,,1414,2167,2082,2082,1748,728,,2592,2258,2055,2259,1958,803,1,2539,2198,1967,2217,1938,822,3,2530,2129,2083,1940,1405,700,,2417,2137
17038,תל אביב מרכז,06:00 - 08:59 - שיא בוקר,2023,8,2101,2151,1871,613,,2289,2036,2095,2276,2011,925,,2442,2053,2066,2025,1831,771,1,2354,2036,1885,1894,1794,855,,2710,2185,2091,2254,1770
17038,תל אביב מרכז,06:00 - 08:59 - שיא בוקר,2023,9,824,1,2688,2253,2125,2314,2086,999,,2761,2265,2154,1973,1815,927,2,3,2709,2174,2146,1953,961,,677,,2554,2031,1893,1017,,
17038,תל אביב מרכז,06:00 - 08:59 - שיא בוקר,2023,10,1594,1485,1455,1561,1408,745,,620,482,401,451,422,182,3,624,573,553,609,593,253,2,899,777,776,848,788,422,5,1151,915,887
17038,תל אביב מרכז,06:00 - 08:59 - שיא בוקר,2023,11,945,835,465,1,1322,1076,1016,1119,1032,533,,1562,1224,1163,1236,1098,601,,1655,1252,1381,1436,1205,664,,1802,1398,1448,1538,1391,
17038,תל אביב מרכז,06:00 - 08:59 - שיא בוקר,2023,12,856,,1983,1624,1477,1578,1299,661,,1955,1585,1525,1460,1412,729,,2032,1732,1666,1694,1501,792,,1838,999,939,,,,,
17038,תל אביב מרכז,09:00 - 11:59 - שפל יום 1,2023,1,2166,1835,1593,1725,1923,517,2,2193,1631,1723,1745,1799,789,,2090,1635,1496,1879,1700,749,,2180,1597,1570,1491,1813,822,,2078,1464,1316
17038,תל אביב מרכז,09:00 - 11:59 - שפל יום 1,2023,2,1297,1710,672,,2008,1397,1116,1305,1615,855,,1951,4121,1624,1654,1910,1191,,1968,2415,1627,1584,1846,1651,,1988,1560,1560,,,
17038,תל אביב מרכז,09:00 - 11:59 - שפל יום 1,2023,3,1849,1811,1041,,1986,1721,1698,2289,2105,1136,,2083,1678,1581,1778,2281,1263,,1954,1501,1633,1759,2282,1125,,2082,2656,1664,1668,2211,1265
17038,תל אביב מרכז,09:00 - 11:59 - שפל יום 1,2023,4,,1985,1617,1593,1910,,765,,1825,1994,1478,,1403,913,,1992,1631,1537,1585,1846,1232,,2086,1595,1489,1655,1729,1135,,2078,
17038,תל אביב מרכז,09:00 - 11:59 - שפל יום 1,2023,5,1673,1576,1651,1865,1313,,1976,1600,1592,1090,1557,1067,,2044,1703,1593,1660,1807,1321,1,2171,1811,1735,1708,2208,,,2161,1716,1720,1749
17038,תל אביב מרכז,09:00 - 11:59 - שפל יום 1,2023,6,1988,892,,2218,1740,1854,1772,1984,1293,,2248,1979,1785,1771,1944,1159,,2261,1812,1790,1737,1912,1247,,2287,1743,1875,1771,2045,1216,
17038,תל אביב מרכז,09:00 - 11:59 - שפל יום 1,2023,7,,1250,1833,1943,1746,1758,1264,,2110,1879,1962,1905,1850,1109,,2210,1873,2326,1812,1963,1328,,2241,2147,1712,1563,1575,1217,,2253,1902
17038,תל אביב מרכז,09:00 - 11:59 - שפל יום 1,2023,8,1817,1931,1953,1019,,2221,1875,1982,2193,2084,1368,,2291,1983,2157,2081,1986,1135,,2271,2038,1936,1882,2130,1605,,2858,2257,2154,2175,2160
17038,תל אביב מרכז,09:00 - 11:59 - שפל יום 1,2023,9,1423,,2289,1821,1696,1774,2028,1454,,2432,1731,1739,1863,1912,1713,,2,2258,1830,1741,1950,1590,,1345,,1788,1823,1988,1545,,
17038,תל אביב מרכז,09:00 - 11:59 - שפל יום 1,2023,10,2164,2152,2336,2422,2508,1265,1,790,427,432,428,489,368,10,612,535,583,628,682,659,7,899,744,759,796,854,748,7,1118,799,796
17038,תל אביב מרכז,09:00 - 11:59 - שפל יום 1,2023,11,855,899,944,4,1228,911,953,994,1019,1102,,1229,1022,992,1077,1116,1225,1,1347,1050,1127,1159,1192,1216,,1615,1170,1188,1250,1297,
17038,תל אביב מרכז,09:00 - 11:59 - שפל יום 1,2023,12,1219,,1598,1208,1145,1273,1242,1347,,1629,1510,1394,1316,1597,1266,,1766,1378,1271,1327,1396,1295,,1641,813,807,,,,,
17038,תל אביב מרכז,12:00 - 14:59 - שפל יום 2,2023,1,2669,3119,3077,2923,4315,472,,2668,3069,3078,3068,3826,767,,2624,3077,3178,2937,3930,680,,2876,3003,2948,2673,3651,703,,2851,3138,2790
17038,תל אביב מרכז,12:00 - 14:59 - שפל יום 2,2023,2,2700,3656,669,,2567,2804,2119,2507,3569,832,,2722,3118,2960,2796,3661,1170,,2698,3767,3118,2972,3798,1472,,2781,2981,3169,,,
17038,תל אביב מרכז,12:00 - 14:59 - שפל יום 2,2023,3,3579,3937,1199,,2803,3273,3046,4167,4649,1129,,2986,3311,3120,3183,5325,1214,,2660,2969,3192,3378,4888,1081,,2991,7659,3074,3274,3901,1276
17038,תל אביב מרכז,12:00 - 14:59 - שפל יום 2,2023,4,,2831,2923,3413,2115,,852,,2734,3189,1734,,2398,1072,,3002,3270,3239,3334,3924,1317,1,2864,3452,5076,1333,3208,1276,,2963,
17038,תל אביב מרכז,12:00 - 14:59 - שפל יום 2,2023,5,3104,3169,3186,4247,1493,1,2940,3279,2773,3559,3109,1242,,2591,3178,3207,3209,3968,1400,1,3133,3467,3352,3728,2783,,,2896,3195,3953,3216
17038,תל אביב מרכז,12:00 - 14:59 - שפל יום 2,2023,6,4185,1189,,2955,3221,3491,3311,4039,1765,,3054,3409,3438,3496,4144,1200,,3008,3041,3528,3517,4156,1472,,3037,3235,3085,3218,3772,1545,
17038,תל אביב מרכז,12:00 - 14:59 - שפל יום 2,2023,7,,2027,3454,3275,3198,3875,1583,,2941,3301,4169,3318,3887,1434,,2854,2661,4510,3028,3937,1570,,3296,3703,2963,3389,2711,1304,,2798,3141
17038,תל אביב מרכז,12:00 - 14:59 - שפל יום 2,2023,8,3120,2853,3698,1181,,2999,2949,3055,3075,4142,1568,,2905,3042,3121,3061,3692,1308,,2663,3422,3045,2875,3889,1804,,3119,3057,2993,3024,3810
17038,תל אביב מרכז,12:00 - 14:59 - שפל יום 2,2023,9,1547,,2848,3205,3105,3219,4172,1710,,3224,3282,3135,3245,4174,2033,1,,3047,3229,3304,3943,1770,,382,,2064,3038,3633,1669,,
17038,תל אביב מרכז,12:00 - 14:59 - שפל יום 2,2023,10,3147,3764,3706,3747,3898,1461,,920,751,779,725,749,450,5,902,944,975,1120,1184,749,6,1242,1231,1309,1342,1752,871,6,1439,1464,1374
17038,תל אביב מרכז,12:00 - 14:59 - שפל יום 2,2023,11,1492,1888,783,14,1629,1707,1817,1813,2161,905,1,1936,1948,1839,1969,2454,990,,1878,1926,2132,2094,2621,1053,,2323,2070,2311,2286,2998,
17038,תל אביב מרכז,12:00 - 14:59 - שפל יום 2,2023,12,1087,,2189,2335,2342,2403,2995,1218,,2481,2626,2716,2588,3203,1094,,2530,2560,2629,2519,3020,1076,,2312,1959,1942,,,,,
17038,תל אביב מרכז,15:00 - 18:59 - שיא ערב,2023,1,9983,12016,11061,12041,12089,22,,11200,12073,11686,12274,11935,18,1,11070,12023,11634,11609,11579,16,2,11102,12021,11612,11512,11708,4,,11017,11853,10289
17038,תל אביב מרכז,15:00 - 18:59 - שיא ערב,2023,2,10640,11219,19,1,10998,10795,9226,10489,11130,12,,10807,11430,11216,11248,10686,11,1,11143,11793,11539,11593,10903,14,2,11045,12250,11866,,,
17038,תל אביב מרכז,15:00 - 18:59 - שיא ערב,2023,3,12073,11865,17,1,11572,11156,6471,11234,12009,13,2,11733,12606,11467,11775,12629,21,1,11382,12141,12062,12309,11766,22,1,11530,12671,11199,11698,10722,124
17038,תל אביב מרכז,15:00 - 18:59 - שיא ערב,2023,4,,10986,11489,10170,228,,136,,5163,5622,183,,8805,117,,11709,13036,11706,12405,11830,161,1,11818,14617,3194,1660,12724,173,,11579,
17038,תל אביב מרכז,15:00 - 18:59 - שיא ערב,2023,5,12828,12057,12957,12383,195,,11681,13302,10950,10588,9977,136,,11372,12480,12405,12446,12152,179,,11929,12555,12336,13360,301,,,11518,12704,14369,11915
17038,תל אביב מרכז,15:00 - 18:59 - שיא ערב,2023,6,12146,117,,11703,12925,12220,12158,11755,342,,11804,12874,12213,12458,11920,164,,11788,12261,11981,12382,11782,172,,11716,12414,11321,11815,11123,212,
17038,תל אביב מרכז,15:00 - 18:59 - שיא ערב,2023,7,,8140,13564,11855,12635,11203,189,,11408,12911,12510,12524,11837,142,1,11435,10384,10149,12521,12057,176,,13938,12618,11751,11641,7512,143,1,11002,12172
17038,תל אביב מרכז,15:00 - 18:59 - שיא ערב,2023,8,11670,11833,11363,149,,10797,11677,11290,12053,11624,170,,10957,11717,11890,11277,11048,181,1,10569,13275,11302,12211,11063,270,,11104,12042,11942,11403,11030
17038,תל אביב מרכז,15:00 - 18:59 - שיא ערב,2023,9,178,,11390,12771,11905,12800,12850,179,1,12030,13925,12098,12070,12054,229,1,,12255,12347,12494,12287,175,1,2,,9559,12293,11613,193,,
17038,תל אביב מרכז,15:00 - 18:59 - שיא ערב,2023,10,6747,7655,7863,8266,6928,177,8,1379,1665,1717,1800,1975,52,21,2380,2688,2768,3449,3320,159,15,3507,3882,3914,4145,4352,149,15,4278,4727,4798
17038,תל אביב מרכז,15:00 - 18:59 - שיא ערב,2023,11,4805,5188,24,25,5127,5914,5908,5936,6171,,,6077,6876,6524,6862,7051,2,1,6623,7096,7590,7725,7650,2,,7912,8193,8208,8739,8423,
17038,תל אביב מרכז,15:00 - 18:59 - שיא ערב,2023,12,,,8166,8952,8586,8829,8833,2,2,8668,9559,9264,8751,9175,,,9047,10029,9605,9693,9412,2,2,8915,6730,6665,,,,,
17038,תל אביב מרכז,19:00 - 23:59 - שפל ערב,2023,1,2161,2631,2493,2944,2891,5,491,2377,2665,2827,3493,2929,,505,2407,2891,2756,2828,2761,,1282,2396,2735,2809,2773,2814,,861,2405,2629,2359
17038,תל אביב מרכז,19:00 - 23:59 - שפל ערב,2023,2,2203,2671,,460,2224,1969,1990,2442,2733,,1196,2397,2624,2621,2852,2580,,868,2428,2730,2883,2879,2752,,1229,2537,2906,2931,,,
17038,תל אביב מרכז,19:00 - 23:59 - שפל ערב,2023,3,3293,2856,,1065,2803,2150,2270,2756,2998,,941,2773,3077,2878,2938,3806,,895,2665,2993,3095,3362,3294,,925,3180,3447,3118,3265,4754,
17038,תל אביב מרכז,19:00 - 23:59 - שפל ערב,2023,4,595,2915,3046,2711,1,366,,515,1839,2206,,315,2475,,724,2820,2771,2955,3252,3415,,813,3453,2503,1250,1244,3552,,1013,2927,
17038,תל אביב מרכז,19:00 - 23:59 - שפל ערב,2023,5,3302,3291,3924,3295,,918,2962,2981,2659,2211,2649,1,426,2808,3171,3320,3584,3282,,742,2962,3168,3366,3503,,,992,2921,3252,8442,3424
17038,תל אביב מרכז,19:00 - 23:59 - שפל ערב,2023,6,3317,,303,2873,3288,3085,3178,3469,1,544,2961,3348,3278,3347,3211,,399,2847,3032,3298,3315,3237,,444,2954,3295,3296,3408,3178,1,
17038,תל אביב מרכז,19:00 - 23:59 - שפל ערב,2023,7,583,1972,3344,3272,3731,2809,1,443,2872,3572,3471,3687,3409,2,513,2844,2879,3801,3746,3549,,106,7665,4490,2770,1969,2084,,1,2548,3095
17038,תל אביב מרכז,19:00 - 23:59 - שפל ערב,2023,8,2892,3544,2816,,3,2864,3031,3049,3361,3277,2,320,2566,3030,3008,3186,3094,,477,3013,4842,3271,5545,3560,,433,3199,3560,3432,4545,2972
17038,תל אביב מרכז,19:00 - 23:59 - שפל ערב,2023,9,,433,2774,3205,3225,3207,3322,,366,2974,3486,3088,3590,3140,,1,521,2944,3144,3292,3706,,533,,1,3099,3291,3327,,375,
17038,תל אביב מרכז,19:00 - 23:59 - שפל ערב,2023,10,2127,2486,2629,3289,2730,,328,282,355,404,408,551,,95,509,570,574,768,723,8,139,645,761,767,936,1099,11,177,765,805,890
17038,תל אביב מרכז,19:00 - 23:59 - שפל ערב,2023,11,902,1112,5,288,905,1042,1060,1219,1444,,399,1103,1324,1279,1417,1531,,437,1312,1459,1778,1581,1803,,449,1550,1677,1748,1977,2014,
17038,תל אביב מרכז,19:00 - 23:59 - שפל ערב,2023,12,,501,1559,1989,1794,1972,1791,,520,1753,2194,2219,2198,2351,,607,1905,2362,2244,2507,2315,1,470,1938,1384,1205,,,,,
17038,תל אביב מרכז,24:00 - 27:59 - שפל לילה,2023,1,134,66,55,17,93,160,,102,49,47,21,72,119,,86,57,48,29,59,138,,96,53,35,33,74,117,,37,31,33
17038,תל אביב מרכז,24:00 - 27:59 - שפל לילה,2023,2,26,33,109,,55,37,42,25,42,109,,75,33,75,55,117,133,,84,45,56,40,120,159,,74,67,70,,,
17038,תל אביב מרכז,24:00 - 27:59 - שפל לילה,2023,3,81,88,208,2,67,144,467,102,125,244,,90,59,83,75,81,187,,62,52,64,40,96,77,,83,206,108,57,129,263
17038,תל אביב מרכז,24:00 - 27:59 - שפל לילה,2023,4,,81,133,162,164,,132,,71,134,209,,75,185,,51,63,42,52,102,333,,82,97,61,632,82,179,,60,
17038,תל אביב מרכז,24:00 - 27:59 - שפל לילה,2023,5,66,68,85,124,210,,91,60,14,50,70,150,1,67,74,105,82,147,251,,90,104,71,83,171,,,90,158,135,68
17038,תל אביב מרכז,24:00 - 27:59 - שפל לילה,2023,6,91,122,,26,98,167,89,72,264,,117,117,62,108,97,232,,79,104,139,124,109,308,,97,96,128,102,148,383,
17038,תל אביב מרכז,24:00 - 27:59 - שפל לילה,2023,7,,56,115,160,95,171,196,,95,84,120,127,127,261,,100,99,147,122,148,251,,34,121,182,142,83,193,,61,67
17038,תל אביב מרכז,24:00 - 27:59 - שפל לילה,2023,8,104,105,154,230,,24,109,102,88,172,360,1,114,122,161,112,135,280,,77,123,122,109,150,350,,90,130,154,311,179
17038,תל אביב מרכז,24:00 - 27:59 - שפל לילה,2023,9,302,,99,122,105,123,150,198,,83,145,109,435,130,248,,,123,101,140,137,351,,192,,52,83,136,351,,
17038,תל אביב מרכז,24:00 - 27:59 - שפל לילה,2023,10,128,157,151,150,212,267,,31,17,21,16,20,23,,16,27,25,26,32,53,,21,21,26,13,32,62,1,37,25,30
17038,תל אביב מרכז,24:00 - 27:59 - שפל לילה,2023,11,32,37,59,,25,27,29,32,38,86,,32,27,30,23,39,100,,38,23,31,33,47,130,,39,37,46,34,58,
17038,תל אביב מרכז,24:00 - 27:59 - שפל לילה,2023,12,138,,49,44,60,35,48,100,,43,38,63,36,88,197,,44,50,65,43,62,146,,26,30,24,,,,,
20001,ת. רכבת תל אביב- סבידור/רציפים A,04:00 - 05:59 - שפל לפנות בוקר,2023,1,9,8,7,8,8,12,,4,7,6,5,7,15,,11,7,5,5,3,3,,13,4,7,6,6,8,,23,4,6
20001,ת. רכבת תל אביב- סבידור/רציפים A,04:00 - 05:59 - שפל לפנות בוקר,2023,2,4,3,5,,6,14,13,2,14,9,,3,6,4,9,5,7,,13,4,5,5,9,3,,7,13,5,,,
20001,ת. רכבת תל אביב- סבידור/רציפים A,04:00 - 05:59 - שפל לפנות בוקר,2023,3,12,6,20,,11,7,6,7,6,6,,2,13,7,7,1,3,,9,6,7,4,7,3,,6,5,3,35,6,3
20001,ת. רכבת תל אביב- סבידור/רציפים A,04:00 - 05:59 - שפל לפנות בוקר,2023,4,,3,4,26,4,,2,,4,2,3,,2,5,,3,9,8,4,7,2,,34,7,3,32,6,1,,4,
20001,ת. רכבת תל אביב- סבידור/רציפים A,04:00 - 05:59 - שפל לפנות בוקר,2023,5,10,1,4,12,12,,7,10,15,9,11,4,,32,5,55,11,13,6,,25,16,16,26,13,,,7,20,18,20
20001,ת. רכבת תל אביב- סבידור/רציפים A,04:00 - 05:59 - שפל לפנות בוקר,2023,6,10,7,,22,18,8,8,22,5,,12,10,20,5,15,10,,24,28,4,4,12,2,,11,9,4,3,5,6,
20001,ת. רכבת תל אביב- סבידור/רציפים A,04:00 - 05:59 - שפל לפנות בוקר,2023,7,,5,11,4,4,5,8,,12,16,3,3,10,2,,5,4,5,4,5,7,,8,7,7,2,1,7,,14,6
20001,ת. רכבת תל אביב- סבידור/רציפים A,04:00 - 05:59 - שפל לפנות בוקר,2023,8,7,4,7,4,,5,7,1,23,26,4,,7,10,7,6,7,14,,8,11,10,4,5,1,,6,13,4,5,6
20001,ת. רכבת תל אביב- סבידור/רציפים A,04:00 - 05:59 - שפל לפנות בוקר,2023,9,5,,25,11,4,15,22,5,,39,14,6,9,8,2,,,7,7,6,6,7,,12,,8,12,7,5,,
20001,ת. רכבת תל אביב- סבידור/רציפים A,04:00 - 05:59 - שפל לפנות בוקר,2023,10,10,9,11,8,5,6,,1,1,,1,5,,,16,2,3,2,1,1,,5,2,15,2,6,,,,6,4
20001,ת. רכבת תל אביב- סבידור/רציפים A,04:00 - 05:59 - שפל לפנות בוקר,2023,11,27,6,1,,3,2,2,4,13,3,,1,2,4,2,,2,,19,7,6,13,4,1,,7,3,23,7,10,
20001,ת. רכבת תל אביב- סבידור/רציפים A,04:00 - 05:59 - שפל לפנות בוקר,2023,12,6,,9,4,3,10,5,1,,6,10,32,4,6,2,,8,4,4,4,7,3,,4,4,7,4,,,,
20001,ת. רכבת תל אביב- סבידור/רציפים A,06:00 - 08:59 - שיא בוקר,2023,1,283,276,260,272,277,208,,259,219,275,249,219,143,,316,232,267,378,264,163,,329,227,226,243,233,167,,348,232,253
20001,ת. רכבת תל אביב- סבידור/רציפים A,06:00 - 08:59 - שיא בוקר,2023,2,242,300,133,,365,249,201,216,249,152,,300,265,290,229,234,157,,324,240,273,266,218,130,,344,287,259,,,
20001,ת. רכבת תל אביב- סבידור/רציפים A,06:00 - 08:59 - שיא בוקר,2023,3,277,234,137,,357,245,186,239,278,208,,335,269,208,279,265,195,,371,237,225,292,223,258,,368,223,239,275,210,138
20001,ת. רכבת תל אביב- סבידור/רציפים A,06:00 - 08:59 - שיא בוקר,2023,4,,274,247,214,111,,137,,167,147,118,,236,158,,355,270,288,356,246,171,,297,241,161,18,336,183,,352,
20001,ת. רכבת תל אביב- סבידור/רציפים A,06:00 - 08:59 - שיא בוקר,2023,5,337,249,197,221,234,,333,283,225,309,247,162,,326,239,305,345,342,228,,430,330,304,327,114,,,335,342,238,248
20001,ת. רכבת תל אביב- סבידור/רציפים A,06:00 - 08:59 - שיא בוקר,2023,6,246,171,,418,295,330,257,325,149,,333,303,293,272,261,184,,331,239,227,219,187,130,,349,202,217,134,157,143,
20001,ת. רכבת תל אביב- סבידור/רציפים A,06:00 - 08:59 - שיא בוקר,2023,7,,149,239,243,222,217,135,,306,250,206,218,226,134,,330,394,137,233,222,159,,346,224,294,275,192,192,,306,265
20001,ת. רכבת תל אביב- סבידור/רציפים A,06:00 - 08:59 - שיא בוקר,2023,8,246,203,241,142,,311,250,238,289,258,188,,300,197,172,295,249,124,,323,269,260,220,260,130,,265,258,240,280,227
20001,ת. רכבת תל אביב- סבידור/רציפים A,06:00 - 08:59 - שיא בוקר,2023,9,161,,361,265,270,258,288,155,,336,283,246,200,270,136,,,332,236,276,292,238,,122,,350,230,247,118,,
20001,ת. רכבת תל אביב- סבידור/רציפים A,06:00 - 08:59 - שיא בוקר,2023,10,241,221,179,166,157,88,,106,45,58,74,69,51,,323,90,100,101,106,46,,190,129,150,142,154,84,,215,148,163
20001,ת. רכבת תל אביב- סבידור/רציפים A,06:00 - 08:59 - שיא בוקר,2023,11,290,147,72,,225,170,145,192,152,75,,340,213,255,187,180,73,,255,172,167,156,205,89,,319,187,222,236,193,
20001,ת. רכבת תל אביב- סבידור/רציפים A,06:00 - 08:59 - שיא בוקר,2023,12,92,,363,223,177,216,180,115,,319,442,253,348,323,162,,373,229,186,235,211,198,,267,118,152,92,6,,,
20001,ת. רכבת תל אביב- סבידור/רציפים A,09:00 - 11:59 - שפל יום 1,2023,1,354,277,156,193,213,426,,368,184,169,201,220,325,,393,193,209,447,286,282,,462,202,187,186,193,267,,419,234,161
20001,ת. רכבת תל אביב- סבידור/רציפים A,09:00 - 11:59 - שפל יום 1,2023,2,257,237,253,,421,201,143,171,177,317,,399,165,224,220,203,277,,390,194,223,208,209,269,,483,193,207,,,
20001,ת. רכבת תל אביב- סבידור/רציפים A,09:00 - 11:59 - שפל יום 1,2023,3,166,188,201,,347,198,212,216,185,319,,402,189,186,201,155,292,,510,217,175,197,122,491,,490,172,207,225,245,314
20001,ת. רכבת תל אביב- סבידור/רציפים A,09:00 - 11:59 - שפל יום 1,2023,4,,424,186,230,257,,176,,282,194,206,,212,314,,475,198,233,246,209,257,,353,187,157,29,324,393,,508,
20001,ת. רכבת תל אביב- סבידור/רציפים A,09:00 - 11:59 - שפל יום 1,2023,5,285,267,186,177,463,,404,240,263,207,209,257,,380,230,357,294,300,302,,563,319,275,273,264,,,445,272,220,195
20001,ת. רכבת תל אביב- סבידור/רציפים A,09:00 - 11:59 - שפל יום 1,2023,6,208,347,,466,260,254,232,261,273,,371,266,217,261,263,329,,400,194,217,227,194,289,,350,179,206,160,167,209,
20001,ת. רכבת תל אביב- סבידור/רציפים A,09:00 - 11:59 - שפל יום 1,2023,7,,182,186,192,223,184,264,,384,178,91,195,173,295,,294,375,105,210,227,290,,371,247,180,176,167,349,,346,182
20001,ת. רכבת תל אביב- סבידור/רציפים A,09:00 - 11:59 - שפל יום 1,2023,8,171,175,185,289,,389,235,182,223,257,322,,299,159,173,208,179,195,,400,239,223,177,168,270,,320,184,205,178,182
20001,ת. רכבת תל אביב- סבידור/רציפים A,09:00 - 11:59 - שפל יום 1,2023,9,432,,326,179,197,181,203,216,,343,177,160,182,275,259,,,381,179,192,179,257,,213,,357,196,192,188,,
20001,ת. רכבת תל אביב- סבידור/רציפים A,09:00 - 11:59 - שפל יום 1,2023,10,273,264,206,130,206,174,,83,116,93,70,70,62,,180,73,79,58,101,113,,138,116,211,126,143,145,,183,139,162
20001,ת. רכבת תל אביב- סבידור/רציפים A,09:00 - 11:59 - שפל יום 1,2023,11,148,120,149,2,198,122,153,115,136,212,,320,140,161,130,151,178,,244,118,116,102,126,226,,265,167,192,134,145,
20001,ת. רכבת תל אביב- סבידור/רציפים A,09:00 - 11:59 - שפל יום 1,2023,12,207,,285,152,139,97,147,238,,348,214,169,198,204,182,,261,172,177,125,143,360,,296,83,99,77,6,,,
20001,ת. רכבת תל אביב- סבידור/רציפים A,12:00 - 14:59 - שפל יום 2,2023,1,278,253,280,245,369,639,,230,241,249,245,380,563,,280,270,246,295,389,544,,318,266,245,276,370,544,,317,228,220
20001,ת. רכבת תל אביב- סבידור/רציפים A,12:00 - 14:59 - שפל יום 2,2023,2,215,405,613,,284,230,195,211,340,568,,293,223,304,243,365,626,,292,288,220,292,350,590,,309,229,246,,,
20001,ת. רכבת תל אביב- סבידור/רציפים A,12:00 - 14:59 - שפל יום 2,2023,3,379,376,533,,303,256,252,247,349,590,,311,267,236,248,219,674,,357,199,230,269,217,678,,392,168,282,393,464,453
20001,ת. רכבת תל אביב- סבידור/רציפים A,12:00 - 14:59 - שפל יום 2,2023,4,,369,423,354,524,,359,,265,195,402,,318,451,,469,431,491,425,406,517,,240,287,425,64,360,550,,384,
20001,ת. רכבת תל אביב- סבידור/רציפים A,12:00 - 14:59 - שפל יום 2,2023,5,339,302,286,266,669,,302,327,300,336,354,450,,347,232,292,362,452,537,,331,429,363,392,533,,,279,311,221,311
20001,ת. רכבת תל אביב- סבידור/רציפים A,12:00 - 14:59 - שפל יום 2,2023,6,379,503,,332,345,282,316,414,392,,339,310,386,317,431,560,,280,230,282,305,314,442,,291,296,302,184,248,307,
20001,ת. רכבת תל אביב- סבידור/רציפים A,12:00 - 14:59 - שפל יום 2,2023,7,,199,258,248,267,354,442,,302,249,161,265,335,432,,274,312,197,272,326,435,,309,427,239,284,298,504,,241,252
20001,ת. רכבת תל אביב- סבידור/רציפים A,12:00 - 14:59 - שפל יום 2,2023,8,231,265,350,344,,274,280,266,267,449,462,,266,224,205,293,347,405,,302,257,232,242,276,423,,253,302,248,231,338
20001,ת. רכבת תל אביב- סבידור/רציפים A,12:00 - 14:59 - שפל יום 2,2023,9,479,,255,221,246,249,338,314,,302,243,227,261,461,346,,,252,237,253,321,345,,279,,291,334,308,321,,
20001,ת. רכבת תל אביב- סבידור/רציפים A,12:00 - 14:59 - שפל יום 2,2023,10,278,335,272,335,342,253,,68,111,80,91,80,125,,139,125,110,120,143,154,,193,196,160,217,153,202,,204,171,218
20001,ת. רכבת תל אביב- סבידור/רציפים A,12:00 - 14:59 - שפל יום 2,2023,11,224,191,230,,272,183,167,203,216,273,,364,223,235,183,283,282,,283,133,160,195,321,377,,299,229,186,203,253,
20001,ת. רכבת תל אביב- סבידור/רציפים A,12:00 - 14:59 - שפל יום 2,2023,12,312,,354,222,164,194,221,367,,261,385,255,245,286,310,,191,224,254,222,245,508,,161,198,126,123,19,,,
20001,ת. רכבת תל אביב- סבידור/רציפים A,15:00 - 18:59 - שיא ערב,2023,1,668,797,729,804,950,72,122,563,644,708,731,838,78,126,707,708,741,726,901,149,59,789,766,758,806,908,95,33,692,754,725
20001,ת. רכבת תל אביב- סבידור/רציפים A,15:00 - 18:59 - שיא ערב,2023,2,795,889,106,29,705,672,491,685,818,64,26,699,788,751,792,904,124,31,817,790,740,854,924,98,34,889,744,722,,,
20001,ת. רכבת תל אביב- סבידור/רציפים A,15:00 - 18:59 - שיא ערב,2023,3,948,855,112,21,788,744,503,690,807,100,26,765,831,787,731,685,104,22,755,756,759,824,423,203,34,675,464,684,735,759,164
20001,ת. רכבת תל אביב- סבידור/רציפים A,15:00 - 18:59 - שיא ערב,2023,4,4,659,689,696,290,45,193,19,486,552,229,51,565,215,11,800,766,710,724,795,235,46,780,791,281,86,861,245,40,838,
20001,ת. רכבת תל אביב- סבידור/רציפים A,15:00 - 18:59 - שיא ערב,2023,5,873,768,1103,922,331,11,832,862,845,800,749,267,49,826,736,797,887,1050,261,38,830,1074,1026,861,325,,12,813,778,650,711
20001,ת. רכבת תל אביב- סבידור/רציפים A,15:00 - 18:59 - שיא ערב,2023,6,795,223,8,840,734,905,873,1008,189,16,836,873,855,814,875,305,18,702,709,690,766,895,261,2,748,740,647,517,624,259,
20001,ת. רכבת תל אביב- סבידור/רציפים A,15:00 - 18:59 - שיא ערב,2023,7,8,611,800,739,736,818,294,30,768,729,415,729,838,296,31,777,757,625,827,841,237,10,838,839,720,795,725,279,9,782,763
20001,ת. רכבת תל אביב- סבידור/רציפים A,15:00 - 18:59 - שיא ערב,2023,8,829,743,839,249,36,690,817,823,881,937,304,29,753,652,672,784,821,186,13,759,634,724,680,745,236,6,700,746,773,672,792
20001,ת. רכבת תל אביב- סבידור/רציפים A,15:00 - 18:59 - שיא ערב,2023,9,284,9,708,717,714,767,866,146,15,693,755,788,744,896,237,,14,721,782,766,896,207,31,2,,794,814,849,202,17,
20001,ת. רכבת תל אביב- סבידור/רציפים A,15:00 - 18:59 - שיא ערב,2023,10,533,759,586,684,682,204,4,152,143,125,177,228,33,3,198,253,334,448,313,47,7,467,477,429,457,474,55,7,541,532,544
20001,ת. רכבת תל אביב- סבידור/רציפים A,15:00 - 18:59 - שיא ערב,2023,11,450,541,39,18,555,505,534,530,592,66,76,759,517,555,538,557,33,47,555,417,550,438,513,37,62,743,575,526,578,537,
20001,ת. רכבת תל אביב- סבידור/רציפים A,15:00 - 18:59 - שיא ערב,2023,12,67,69,819,599,452,529,469,80,87,682,831,664,688,600,74,71,613,655,517,548,623,67,99,505,383,394,279,43,,,
20001,ת. רכבת תל אביב- סבידור/רציפים A,19:00 - 23:59 - שפל ערב,2023,1,315,264,288,356,358,,348,269,279,324,372,358,,324,261,308,316,306,324,,132,282,397,310,372,386,,78,329,302,307
20001,ת. רכבת תל אביב- סבידור/רציפים A,19:00 - 23:59 - שפל ערב,2023,2,277,366,,96,267,236,262,297,308,,94,272,251,284,300,339,,111,278,322,357,406,352,,176,311,352,337,,,
20001,ת. רכבת תל אביב- סבידור/רציפים A,19:00 - 23:59 - שפל ערב,2023,3,325,329,,96,298,275,232,373,282,,138,344,404,331,351,364,,94,387,326,358,367,243,,113,309,186,324,416,386,
20001,ת. רכבת תל אביב- סבידור/רציפים A,19:00 - 23:59 - שפל ערב,2023,4,46,326,325,288,,121,,78,372,266,,177,319,,116,297,291,312,364,439,,83,302,257,189,77,445,,111,353,
20001,ת. רכבת תל אביב- סבידור/רציפים A,19:00 - 23:59 - שפל ערב,2023,5,315,342,516,328,,64,340,308,359,275,303,,131,416,369,389,421,463,,124,416,509,356,375,,,92,328,391,443,302
20001,ת. רכבת תל אביב- סבידור/רציפים A,19:00 - 23:59 - שפל ערב,2023,6,339,,115,383,398,454,477,508,,81,304,343,354,394,379,,152,277,369,361,472,369,,144,332,351,361,238,268,,
20001,ת. רכבת תל אביב- סבידור/רציפים A,19:00 - 23:59 - שפל ערב,2023,7,94,252,349,337,303,252,,65,329,307,190,333,291,,50,317,356,426,345,277,,55,471,379,295,204,383,,90,452,504
20001,ת. רכבת תל אביב- סבידור/רציפים A,19:00 - 23:59 - שפל ערב,2023,8,427,457,417,,86,394,309,362,383,379,,60,342,256,373,289,387,,51,358,325,374,201,349,,97,327,343,288,276,358
20001,ת. רכבת תל אביב- סבידור/רציפים A,19:00 - 23:59 - שפל ערב,2023,9,,42,293,307,332,271,365,,53,261,302,297,290,348,,,192,254,275,284,298,,111,,133,377,295,322,,67,
20001,ת. רכבת תל אביב- סבידור/רציפים A,19:00 - 23:59 - שפל ערב,2023,10,300,330,248,359,257,,10,63,36,38,35,48,,39,42,85,91,98,91,,82,101,126,113,156,138,,98,138,117,155
20001,ת. רכבת תל אביב- סבידור/רציפים A,19:00 - 23:59 - שפל ערב,2023,11,121,145,,76,113,127,118,155,169,,103,232,189,187,200,189,,125,180,208,205,161,193,,99,252,167,218,206,236,
20001,ת. רכבת תל אביב- סבידור/רציפים A,19:00 - 23:59 - שפל ערב,2023,12,,137,275,166,237,198,189,,120,223,316,266,288,341,,150,247,246,256,299,245,,132,169,191,164,93,5,,,
20001,ת. רכבת תל אביב- סבידור/רציפים A,24:00 - 27:59 - שפל לילה,2023,1,14,6,2,5,5,31,,9,6,5,10,17,10,,17,6,7,14,7,26,,20,1,6,3,9,14,,14,7,7
20001,ת. רכבת תל אביב- סבידור/רציפים A,24:00 - 27:59 - שפל לילה,2023,2,2,7,5,,18,7,3,1,3,8,,10,5,13,5,12,17,,12,13,15,10,20,27,,21,5,3,,,
20001,ת. רכבת תל אביב- סבידור/רציפים A,24:00 - 27:59 - שפל לילה,2023,3,13,9,24,,18,29,12,10,7,7,,16,5,15,12,11,24,,10,3,6,8,16,12,,13,12,13,26,5,36
20001,ת. רכבת תל אביב- סבידור/רציפים A,24:00 - 27:59 - שפל לילה,2023,4,,9,4,9,16,,5,,13,11,7,,4,14,,14,18,,15,18,20,,16,7,2,14,9,28,,3,
20001,ת. רכבת תל אביב- סבידור/רציפים A,24:00 - 27:59 - שפל לילה,2023,5,3,8,5,12,7,,16,10,32,20,7,11,,9,9,8,12,12,20,,10,14,11,12,15,,,20,12,12,2
20001,ת. רכבת תל אביב- סבידור/רציפים A,24:00 - 27:59 - שפל לילה,2023,6,8,14,,22,17,3,16,23,25,,6,6,5,7,5,1,,4,8,10,10,16,14,,25,,13,5,28,11,
20001,ת. רכבת תל אביב- סבידור/רציפים A,24:00 - 27:59 - שפל לילה,2023,7,,14,1,11,13,14,15,,15,10,14,10,8,36,,5,5,18,18,8,20,,19,12,23,14,,26,,24,11
20001,ת. רכבת תל אביב- סבידור/רציפים A,24:00 - 27:59 - שפל לילה,2023,8,12,22,15,19,,18,14,26,16,22,47,,30,7,15,23,27,17,,21,21,19,4,13,6,,11,2,5,47,23
20001,ת. רכבת תל אביב- סבידור/רציפים A,24:00 - 27:59 - שפל לילה,2023,9,8,,22,11,3,8,16,15,,14,7,5,7,9,25,,,21,11,4,8,21,,6,,13,13,11,16,,
20001,ת. רכבת תל אביב- סבידור/רציפים A,24:00 - 27:59 - שפל לילה,2023,10,10,7,18,9,18,8,,,,,,,1,,,,,,,,,,1,1,,1,1,,2,,1
20001,ת. רכבת תל אביב- סבידור/רציפים A,24:00 - 27:59 - שפל לילה,2023,11,,,1,,6,4,,,,,,,,,,,,,4,,,,,1,,3,1,,,,
20001,ת. רכבת תל אביב- סבידור/רציפים A,24:00 - 27:59 - שפל לילה,2023,12,1,,8,,,,,4,,13,2,8,9,4,11,,7,3,5,7,2,9,,8,1,6,1,,,,
20004,המסגר/יד חרוצים,04:00 - 05:59 - שפל לפנות בוקר,2023,1,52,61,71,30,46,21,,48,56,57,57,56,19,,60,51,64,59,64,16,,67,44,44,33,50,,,37,47,40
20004,המסגר/יד חרוצים,04:00 - 05:59 - שפל לפנות בוקר,2023,2,39,46,25,,51,50,32,41,52,29,,45,42,56,34,56,28,,68,46,52,53,63,19,,53,45,43,,,
20004,המסגר/יד חרוצים,04:00 - 05:59 - שפל לפנות בוקר,2023,3,34,61,2,,73,47,47,46,45,43,,60,47,45,36,62,37,,59,54,55,56,51,18,,47,54,54,56,61,33
20004,המסגר/יד חרוצים,04:00 - 05:59 - שפל לפנות בוקר,2023,4,,50,58,51,31,,22,,52,38,32,,37,39,,37,58,57,58,52,33,,55,60,38,9,49,42,,56,
20004,המסגר/יד חרוצים,04:00 - 05:59 - שפל לפנות בוקר,2023,5,77,56,47,56,35,,62,79,56,62,50,36,,75,46,55,52,65,43,,73,50,51,56,46,,,65,60,62,67
20004,המסגר/יד חרוצים,04:00 - 05:59 - שפל לפנות בוקר,2023,6,69,28,,41,55,63,68,70,38,,70,50,44,60,64,37,,70,61,57,61,83,40,,70,67,57,36,57,38,
20004,המסגר/יד חרוצים,04:00 - 05:59 - שפל לפנות בוקר,2023,7,,55,56,65,66,64,32,,71,59,61,72,71,41,,66,56,74,50,52,35,,66,43,57,55,47,31,,66,52
20004,המסגר/יד חרוצים,04:00 - 05:59 - שפל לפנות בוקר,2023,8,51,58,76,33,,63,62,56,45,60,25,,48,46,47,49,69,13,,63,51,54,59,63,30,,61,51,46,62,61
20004,המסגר/יד חרוצים,04:00 - 05:59 - שפל לפנות בוקר,2023,9,20,,40,58,53,49,53,39,,213,60,60,51,52,23,,,45,77,58,63,29,,34,,59,43,43,33,,
20004,המסגר/יד חרוצים,04:00 - 05:59 - שפל לפנות בוקר,2023,10,45,47,46,61,52,23,,16,30,28,34,29,6,,20,40,38,47,51,16,,47,37,55,40,47,11,,52,52,61
20004,המסגר/יד חרוצים,04:00 - 05:59 - שפל לפנות בוקר,2023,11,48,52,16,,49,52,51,46,66,18,,54,57,60,50,65,15,,35,52,80,82,97,44,,83,88,70,80,97,
20004,המסגר/יד חרוצים,04:00 - 05:59 - שפל לפנות בוקר,2023,12,45,,68,50,77,68,69,29,,31,50,46,46,84,23,,44,58,64,53,70,31,,59,59,63,45,,,,
20004,המסגר/יד חרוצים,06:00 - 08:59 - שיא בוקר,2023,1,480,539,553,535,587,168,,474,434,425,427,417,253,,449,418,439,413,445,235,,510,436,437,424,407,1,,484,436,393
20004,המסגר/יד חרוצים,06:00 - 08:59 - שיא בוקר,2023,2,305,378,256,,506,453,389,428,506,262,,493,488,478,503,489,254,,568,489,484,520,471,286,,608,522,498,,,
20004,המסגר/יד חרוצים,06:00 - 08:59 - שיא בוקר,2023,3,499,554,201,,568,535,410,513,455,280,,582,596,523,499,503,286,,586,535,568,562,514,292,,569,531,506,582,551,278
20004,המסגר/יד חרוצים,06:00 - 08:59 - שיא בוקר,2023,4,,569,558,508,284,,202,,331,393,290,,403,286,,576,579,532,535,573,282,,574,601,461,59,591,281,,596,
20004,המסגר/יד חרוצים,06:00 - 08:59 - שיא בוקר,2023,5,598,564,558,574,294,,608,564,517,544,538,293,,578,578,594,525,560,281,,546,557,553,548,315,,,554,569,548,559
20004,המסגר/יד חרוצים,06:00 - 08:59 - שיא בוקר,2023,6,525,296,,594,607,535,574,562,265,,568,623,567,578,570,296,,558,604,563,537,547,295,,550,581,575,491,498,255,
20004,המסגר/יד חרוצים,06:00 - 08:59 - שיא בוקר,2023,7,,384,557,576,562,532,277,,555,518,500,594,557,242,,596,647,439,561,569,286,,584,549,516,569,492,259,,592,583
20004,המסגר/יד חרוצים,06:00 - 08:59 - שיא בוקר,2023,8,527,520,518,261,,567,561,540,514,512,268,,553,564,575,546,592,249,,565,568,554,510,536,254,,552,578,557,563,596
20004,המסגר/יד חרוצים,06:00 - 08:59 - שיא בוקר,2023,9,297,,641,589,581,589,567,280,,518,585,548,502,564,236,,,656,502,577,578,263,,266,,548,492,479,228,,
20004,המסגר/יד חרוצים,06:00 - 08:59 - שיא בוקר,2023,10,468,429,445,471,458,238,,142,219,204,244,259,176,1,607,317,334,349,340,234,,387,387,402,373,396,254,,427,420,427
20004,המסגר/יד חרוצים,06:00 - 08:59 - שיא בוקר,2023,11,447,437,235,,507,443,438,490,429,252,,466,479,454,454,452,260,,450,433,579,636,630,381,,655,646,481,698,579,
20004,המסגר/יד חרוצים,06:00 - 08:59 - שיא בוקר,2023,12,291,,488,491,506,513,460,264,,458,449,480,482,472,274,,496,487,448,466,504,262,,400,339,393,375,75,,,
20004,המסגר/יד חרוצים,09:00 - 11:59 - שפל יום 1,2023,1,164,153,146,157,152,93,,121,114,124,108,97,75,,137,138,113,126,107,84,,122,132,119,122,101,41,,147,119,102
20004,המסגר/יד חרוצים,09:00 - 11:59 - שפל יום 1,2023,2,111,95,65,,130,108,100,112,134,77,,152,128,147,144,146,101,,140,145,137,140,138,78,,149,154,149,,,
20004,המסגר/יד חרוצים,09:00 - 11:59 - שפל יום 1,2023,3,106,122,80,,192,148,108,117,97,82,,211,174,137,121,123,87,,179,135,149,144,125,116,,157,136,144,117,157,68
20004,המסגר/יד חרוצים,09:00 - 11:59 - שפל יום 1,2023,4,,165,148,143,83,,56,,152,124,79,,133,88,,160,161,159,160,156,94,,178,166,116,50,166,89,,187,
20004,המסגר/יד חרוצים,09:00 - 11:59 - שפל יום 1,2023,5,172,180,145,110,81,,172,149,163,158,145,83,,196,158,147,129,140,87,,153,153,165,133,69,,,169,163,140,156
20004,המסגר/יד חרוצים,09:00 - 11:59 - שפל יום 1,2023,6,137,81,,161,169,156,142,121,93,,201,165,141,146,179,77,,184,140,177,135,137,94,,173,153,167,143,145,70,
20004,המסגר/יד חרוצים,09:00 - 11:59 - שפל יום 1,2023,7,,129,156,181,140,136,72,,166,122,87,174,142,67,,155,160,97,147,136,62,,176,145,105,145,119,71,,145,145
20004,המסגר/יד חרוצים,09:00 - 11:59 - שפל יום 1,2023,8,146,134,141,61,,160,151,168,128,139,61,,188,137,147,156,156,66,,195,137,134,148,129,73,,151,161,121,172,141
20004,המסגר/יד חרוצים,09:00 - 11:59 - שפל יום 1,2023,9,89,,190,154,170,161,142,87,,170,151,144,181,132,71,,,139,167,143,113,71,,63,,193,165,129,77,,
20004,המסגר/יד חרוצים,09:00 - 11:59 - שפל יום 1,2023,10,116,120,131,167,120,72,,55,56,55,67,76,38,1,263,66,77,60,80,61,,95,116,94,87,87,57,,99,82,86
20004,המסגר/יד חרוצים,09:00 - 11:59 - שפל יום 1,2023,11,103,86,52,,123,102,90,102,114,66,,112,101,78,116,120,40,,101,87,217,139,156,100,,178,159,153,143,150,
20004,המסגר/יד חרוצים,09:00 - 11:59 - שפל יום 1,2023,12,77,,102,112,134,105,125,87,,131,125,116,121,156,59,,155,154,117,152,100,76,,137,136,86,83,9,,,
20004,המסגר/יד חרוצים,12:00 - 14:59 - שפל יום 2,2023,1,170,136,156,170,146,123,,133,124,142,111,137,116,,107,117,123,114,107,130,,118,94,99,116,112,98,,103,117,75
20004,המסגר/יד חרוצים,12:00 - 14:59 - שפל יום 2,2023,2,87,113,124,,131,106,101,116,112,90,,131,124,133,155,152,119,,144,138,130,140,155,137,,156,133,124,,,
20004,המסגר/יד חרוצים,12:00 - 14:59 - שפל יום 2,2023,3,68,136,116,,164,145,178,128,105,119,,153,162,143,145,232,114,,168,145,152,149,262,134,,162,194,120,117,125,86
20004,המסגר/יד חרוצים,12:00 - 14:59 - שפל יום 2,2023,4,,165,149,133,94,,77,,109,118,108,,112,95,,159,166,159,141,144,88,,142,165,193,37,168,95,,130,
20004,המסגר/יד חרוצים,12:00 - 14:59 - שפל יום 2,2023,5,131,136,189,151,92,,160,159,151,131,142,91,,143,145,143,117,161,91,,164,156,129,148,91,,,147,125,183,131
20004,המסגר/יד חרוצים,12:00 - 14:59 - שפל יום 2,2023,6,152,87,,164,151,143,136,139,101,,160,143,138,142,144,86,,151,140,125,118,138,133,,164,141,154,109,110,60,
20004,המסגר/יד חרוצים,12:00 - 14:59 - שפל יום 2,2023,7,,104,123,118,114,123,74,,142,135,55,131,122,82,,125,150,57,125,165,94,,152,142,141,105,107,79,,173,112
20004,המסגר/יד חרוצים,12:00 - 14:59 - שפל יום 2,2023,8,114,102,141,69,,113,128,126,120,147,87,,145,135,134,108,126,74,,144,124,135,136,132,91,,138,126,155,132,113
20004,המסגר/יד חרוצים,12:00 - 14:59 - שפל יום 2,2023,9,93,,124,113,169,123,148,89,,170,141,123,128,150,48,,,119,151,148,143,78,,99,,138,149,144,70,,
20004,המסגר/יד חרוצים,12:00 - 14:59 - שפל יום 2,2023,10,112,106,104,139,102,48,,31,27,31,49,44,41,,44,68,62,33,60,39,,82,73,78,64,69,55,,91,83,96
20004,המסגר/יד חרוצים,12:00 - 14:59 - שפל יום 2,2023,11,86,105,57,,125,109,105,82,111,59,,103,107,105,128,131,82,,88,97,178,134,152,132,,148,144,159,133,142,
20004,המסגר/יד חרוצים,12:00 - 14:59 - שפל יום 2,2023,12,71,,141,129,136,111,138,66,,145,114,133,113,135,69,,153,102,131,119,121,59,,98,100,88,90,8,,,
20004,המסגר/יד חרוצים,15:00 - 18:59 - שיא ערב,2023,1,376,338,361,317,364,19,14,288,267,278,264,261,26,9,282,302,260,216,281,20,3,283,261,269,258,237,21,2,251,306,220
20004,המסגר/יד חרוצים,15:00 - 18:59 - שיא ערב,2023,2,218,275,24,10,319,244,228,239,298,28,18,304,314,321,285,351,22,6,361,332,307,297,293,21,9,319,320,265,,,
20004,המסגר/יד חרוצים,15:00 - 18:59 - שיא ערב,2023,3,137,307,26,2,328,320,195,306,297,18,6,344,327,323,304,365,18,,340,354,340,353,247,53,,309,225,285,305,290,32
20004,המסגר/יד חרוצים,15:00 - 18:59 - שיא ערב,2023,4,,306,316,257,48,2,30,,150,149,29,6,257,34,,337,368,308,320,294,37,,323,310,91,50,286,44,,344,
20004,המסגר/יד חרוצים,15:00 - 18:59 - שיא ערב,2023,5,351,342,315,321,40,,359,357,317,273,196,46,,314,328,316,319,290,56,,335,342,269,295,48,,,315,324,288,302
20004,המסגר/יד חרוצים,15:00 - 18:59 - שיא ערב,2023,6,287,32,,299,331,299,310,330,49,,295,315,307,307,300,65,,298,310,282,352,286,58,,304,320,285,245,288,50,
20004,המסגר/יד חרוצים,15:00 - 18:59 - שיא ערב,2023,7,,210,304,301,264,274,32,,339,326,93,294,330,35,,281,312,94,314,281,52,,321,205,252,276,212,37,,300,310
20004,המסגר/יד חרוצים,15:00 - 18:59 - שיא ערב,2023,8,298,286,296,39,1,335,297,277,316,278,38,1,324,338,296,311,313,44,1,324,191,273,251,292,52,6,227,308,286,284,292
20004,המסגר/יד חרוצים,15:00 - 18:59 - שיא ערב,2023,9,48,1,303,285,275,279,263,47,,281,273,255,289,277,47,,2,263,297,326,284,29,7,3,,359,261,246,46,1,
20004,המסגר/יד חרוצים,15:00 - 18:59 - שיא ערב,2023,10,225,219,224,218,194,35,,35,65,63,58,63,11,1,75,106,118,25,106,22,3,139,158,142,154,156,17,3,149,196,153
20004,המסגר/יד חרוצים,15:00 - 18:59 - שיא ערב,2023,11,159,148,17,7,195,204,154,185,168,10,23,206,207,184,225,210,15,13,152,196,235,248,236,30,49,235,243,227,237,234,
20004,המסגר/יד חרוצים,15:00 - 18:59 - שיא ערב,2023,12,32,22,216,212,193,204,215,7,28,214,235,171,205,216,26,21,242,232,223,235,201,14,19,171,161,149,85,23,,,
20004,המסגר/יד חרוצים,19:00 - 23:59 - שפל ערב,2023,1,99,123,129,154,95,,75,107,107,90,120,124,,73,84,110,107,90,106,,17,94,90,80,109,71,,12,89,108,83
20004,המסגר/יד חרוצים,19:00 - 23:59 - שפל ערב,2023,2,90,105,,73,85,84,76,90,121,,18,81,113,126,108,123,,6,106,109,131,119,122,,14,105,123,136,,,
20004,המסגר/יד חרוצים,19:00 - 23:59 - שפל ערב,2023,3,103,127,,2,144,131,93,142,120,,10,134,138,126,116,139,,9,122,120,127,137,187,,2,128,57,131,122,100,
20004,המסגר/יד חרוצים,19:00 - 23:59 - שפל ערב,2023,4,19,127,122,94,,49,,12,99,105,,45,98,,4,110,98,116,115,157,,6,151,85,74,50,121,,8,150,
20004,המסגר/יד חרוצים,19:00 - 23:59 - שפל ערב,2023,5,135,139,171,121,,18,143,145,110,122,112,,39,132,122,95,133,132,,14,135,144,132,126,,,18,141,119,143,104
20004,המסגר/יד חרוצים,19:00 - 23:59 - שפל ערב,2023,6,137,,26,134,117,111,131,130,,13,143,125,150,129,131,,13,123,134,158,136,151,,11,161,135,156,121,136,,
20004,המסגר/יד חרוצים,19:00 - 23:59 - שפל ערב,2023,7,44,96,118,162,124,93,,8,128,140,85,128,161,,15,122,129,103,130,95,,13,45,29,139,133,82,,21,141,171
20004,המסגר/יד חרוצים,19:00 - 23:59 - שפל ערב,2023,8,151,119,151,,26,111,136,133,121,118,,23,114,140,134,134,76,,31,115,87,111,83,111,,22,107,98,129,95,140
20004,המסגר/יד חרוצים,19:00 - 23:59 - שפל ערב,2023,9,,24,100,114,109,100,104,,23,102,120,124,127,110,,,33,119,109,114,115,,25,,29,102,134,116,,23,
20004,המסגר/יד חרוצים,19:00 - 23:59 - שפל ערב,2023,10,79,75,81,80,88,,7,13,18,14,18,25,,55,27,30,25,34,23,,21,36,28,35,43,47,,19,37,42,51
20004,המסגר/יד חרוצים,19:00 - 23:59 - שפל ערב,2023,11,46,40,,16,48,46,51,42,69,,37,57,52,58,56,70,,31,35,81,73,92,88,,86,72,87,87,108,73,
20004,המסגר/יד חרוצים,19:00 - 23:59 - שפל ערב,2023,12,,46,89,73,80,82,82,,43,80,76,78,79,91,,37,95,81,102,117,85,,35,84,72,61,15,,,,
20004,המסגר/יד חרוצים,24:00 - 27:59 - שפל לילה,2023,1,7,,2,,,,,4,3,,,1,4,,36,,,1,1,2,,3,,,1,,,,5,1,1
20004,המסגר/יד חרוצים,24:00 - 27:59 - שפל לילה,2023,2,1,,5,,6,,,2,3,9,,1,,,,2,7,,,,1,1,2,3,,8,,,,,
20004,המסגר/יד חרוצים,24:00 - 27:59 - שפל לילה,2023,3,,,,,1,2,2,1,2,3,,4,1,,,,1,,2,,,,1,,,3,2,,1,1,1
20004,המסגר/יד חרוצים,24:00 - 27:59 - שפל לילה,2023,4,,15,3,2,1,,5,,,3,3,,1,4,,3,1,1,,2,,,1,2,,7,4,3,,1,
20004,המסגר/יד חרוצים,24:00 - 27:59 - שפל לילה,2023,5,1,1,2,3,4,,,2,1,2,2,3,,2,2,,,,3,,2,1,,3,2,,,4,,,2
20004,המסגר/יד חרוצים,24:00 - 27:59 - שפל לילה,2023,6,2,3,,4,1,1,,,7,,1,3,1,7,9,4,,3,1,2,,,,,3,,1,,,2,
20004,המסגר/יד חרוצים,24:00 - 27:59 - שפל לילה,2023,7,,,1,1,2,3,2,,2,1,1,2,1,2,,1,1,1,4,,2,,10,,,,,13,,3,2
20004,המסגר/יד חרוצים,24:00 - 27:59 - שפל לילה,2023,8,1,2,1,18,,11,1,,1,1,9,,2,2,2,1,3,,,3,,2,2,2,10,,4,1,,,1
20004,המסגר/יד חרוצים,24:00 - 27:59 - שפל לילה,2023,9,4,,1,1,,,,5,,5,,,2,1,15,,,1,2,2,2,4,,1,,2,,1,1,,
20004,המסגר/יד חרוצים,24:00 - 27:59 - שפל לילה,2023,10,3,,,,1,4,,,,,1,,,,,,,,,,,,,,,,,,,,
20004,המסגר/יד חרוצים,24:00 - 27:59 - שפל לילה,2023,11,,,,,,,,,,,,,,,,,,,,,,1,,,,,,,,,
20004,המסגר/יד חרוצים,24:00 - 27:59 - שפל לילה,2023,12,,,,,,1,,1,,2,,,,,1,,,,1,,,1,,1,,,,,,,
20009,בית ספר אוסישקין,06:00 - 08:59 - שיא בוקר,2023,5,1,,,,,,,,,,,,,,,,,,,,,,,,,,,,,,
20009,בית ספר אוסישקין,09:00 - 11:59 - שפל יום 1,2023,1,,,,,,,,,,,,,,,,,,,,,,,,1,,,,,,,
20017,גשר דוד שיפמן /דרך מנחם בגין,04:00 - 05:59 - שפל לפנות בוקר,2023,1,,,1,,,,,,,1,,,,,,,,1,,2,,,1,1,1,2,,,,1,
20017,גשר דוד שיפמן /דרך מנחם בגין,04:00 - 05:59 - שפל לפנות בוקר,2023,2,,,3,,,,,3,,,,1,,,,,,,,,,1,,,,1,2,,,,
20017,גשר דוד שיפמן /דרך מנחם בגין,04:00 - 05:59 - שפל לפנות בוקר,2023,3,,,,,,1,,,2,2,,3,,,,,,,,2,,,,,,,,,,2,
20017,גשר דוד שיפמן /דרך מנחם בגין,04:00 - 05:59 - שפל לפנות בוקר,2023,4,,2,1,,,,,,,3,,,1,,,,,,,,,,1,,1,,,,,,
20017,גשר דוד שיפמן /דרך מנחם בגין,04:00 - 05:59 - שפל לפנות בוקר,2023,5,,,,,,,2,,2,,,,,,,,,1,,,,,,,,,,,1,1,1
20017,גשר דוד שיפמן /דרך מנחם בגין,04:00 - 05:59 - שפל לפנות בוקר,2023,6,,1,,,,,3,1,,,,,,,1,,,,,1,4,2,,,1,2,,,1,,
20017,גשר דוד שיפמן /דרך מנחם בגין,04:00 - 05:59 - שפל לפנות בוקר,2023,7,,,,,,1,,,,,,,1,,,,,1,1,,1,,1,,,,,,,,1
20017,גשר דוד שיפמן /דרך מנחם בגין,04:00 - 05:59 - שפל לפנות בוקר,2023,8,,,,1,,,,2,,,,,,,,,,,,1,2,1,2,,,,,1,,1,2
20017,גשר דוד שיפמן /דרך מנחם בגין,04:00 - 05:59 - שפל לפנות בוקר,2023,9,,,1,1,,,,1,,6,,,,2,,,,,,,,2,,,,,,,,,
20017,גשר דוד שיפמן /דרך מנחם בגין,04:00 - 05:59 - שפל לפנות בוקר,2023,10,,,,,1,1,,,,,,,,,,,,3,,2,,1,1,,,,,,,,
20017,גשר דוד שיפמן /דרך מנחם בגין,04:00 - 05:59 - שפל לפנות בוקר,2023,11,,,,,,,,1,1,,,,,,,,,,1,,,,,,,1,,,,,
20017,גשר דוד שיפמן /דרך מנחם בגין,04:00 - 05:59 - שפל לפנות בוקר,2023,12,,,,,,,2,,,,1,,,,,,,,,1,3,,,1,1,,,,,,
20017,גשר דוד שיפמן /דרך מנחם בגין,06:00 - 08:59 - שיא בוקר,2023,1,45,44,37,39,42,21,,34,46,49,38,34,22,,42,46,41,46,44,12,,44,37,31,48,45,19,,37,48,44
20017,גשר דוד שיפמן /דרך מנחם בגין,06:00 - 08:59 - שיא בוקר,2023,2,35,39,23,,42,45,34,32,50,23,,35,41,36,44,46,20,,48,56,38,47,43,25,,42,39,43,,,
20017,גשר דוד שיפמן /דרך מנחם בגין,06:00 - 08:59 - שיא בוקר,2023,3,46,49,22,,31,37,22,30,35,16,,33,51,31,44,24,20,,33,34,32,35,28,20,,37,28,26,35,28,21
20017,גשר דוד שיפמן /דרך מנחם בגין,06:00 - 08:59 - שיא בוקר,2023,4,,33,35,27,12,,12,,23,21,15,,23,16,,34,41,36,41,36,19,,30,40,47,2,37,16,,34,
20017,גשר דוד שיפמן /דרך מנחם בגין,06:00 - 08:59 - שיא בוקר,2023,5,26,35,37,35,18,,47,34,34,43,29,15,,38,36,33,33,35,23,,40,49,42,38,32,,,42,37,32,45
20017,גשר דוד שיפמן /דרך מנחם בגין,06:00 - 08:59 - שיא בוקר,2023,6,43,19,,38,50,43,39,41,14,,31,39,41,33,36,19,,34,44,35,49,46,23,,32,40,34,32,34,14,
20017,גשר דוד שיפמן /דרך מנחם בגין,06:00 - 08:59 - שיא בוקר,2023,7,,17,34,35,33,37,19,,37,39,26,24,21,13,,40,35,30,44,27,15,,26,62,41,29,20,13,,23,33
20017,גשר דוד שיפמן /דרך מנחם בגין,06:00 - 08:59 - שיא בוקר,2023,8,26,38,19,15,,38,31,14,40,25,11,,30,41,30,28,35,16,,46,29,28,26,39,15,,35,30,23,34,25
20017,גשר דוד שיפמן /דרך מנחם בגין,06:00 - 08:59 - שיא בוקר,2023,9,23,,28,49,40,48,41,13,,32,36,38,36,34,12,,,37,42,43,42,28,,11,,46,33,35,17,,
20017,גשר דוד שיפמן /דרך מנחם בגין,06:00 - 08:59 - שיא בוקר,2023,10,23,26,18,19,15,13,,6,10,11,12,15,12,,,18,12,12,21,8,,15,22,15,24,17,9,,22,30,28
20017,גשר דוד שיפמן /דרך מנחם בגין,06:00 - 08:59 - שיא בוקר,2023,11,14,18,6,,27,25,26,23,25,7,,22,30,28,23,23,16,,24,33,27,18,27,10,,33,33,23,22,28,
20017,גשר דוד שיפמן /דרך מנחם בגין,06:00 - 08:59 - שיא בוקר,2023,12,16,,21,22,30,25,31,15,,21,29,31,23,15,10,,27,22,25,29,27,18,,28,21,24,20,2,,,
20017,גשר דוד שיפמן /דרך מנחם בגין,09:00 - 11:59 - שפל יום 1,2023,1,23,25,21,18,19,29,,33,31,28,20,32,23,,28,21,32,28,29,15,,31,19,16,26,29,13,,24,27,18
20017,גשר דוד שיפמן /דרך מנחם בגין,09:00 - 11:59 - שפל יום 1,2023,2,18,28,14,,24,21,28,19,28,26,,32,32,16,22,26,32,,25,25,22,27,31,39,,34,27,26,,,
20017,גשר דוד שיפמן /דרך מנחם בגין,09:00 - 11:59 - שפל יום 1,2023,3,13,23,18,,25,28,21,25,25,9,,24,22,23,19,27,9,,20,25,33,23,18,20,,35,20,23,31,25,13
20017,גשר דוד שיפמן /דרך מנחם בגין,09:00 - 11:59 - שפל יום 1,2023,4,,26,25,24,14,,17,,17,11,18,,25,17,,17,23,20,18,18,21,,27,19,12,5,20,13,,18,
20017,גשר דוד שיפמן /דרך מנחם בגין,09:00 - 11:59 - שפל יום 1,2023,5,14,17,16,14,17,,46,25,21,28,20,11,,31,26,21,21,24,11,,25,42,17,27,32,,,22,30,29,21
20017,גשר דוד שיפמן /דרך מנחם בגין,09:00 - 11:59 - שפל יום 1,2023,6,26,25,,19,31,31,19,20,16,,35,20,24,39,24,19,,25,42,30,25,22,14,,30,31,27,23,36,18,
20017,גשר דוד שיפמן /דרך מנחם בגין,09:00 - 11:59 - שפל יום 1,2023,7,,26,25,21,21,20,12,,24,27,18,31,16,13,,31,26,12,22,25,18,,28,21,23,24,16,10,,19,27
20017,גשר דוד שיפמן /דרך מנחם בגין,09:00 - 11:59 - שפל יום 1,2023,8,26,18,10,21,,24,18,13,30,27,16,,22,29,31,31,16,13,,33,18,35,34,30,17,,41,27,35,32,26
20017,גשר דוד שיפמן /דרך מנחם בגין,09:00 - 11:59 - שפל יום 1,2023,9,19,,28,29,32,33,20,18,,32,27,31,37,25,14,,,31,24,20,19,20,,15,,30,24,26,13,,
20017,גשר דוד שיפמן /דרך מנחם בגין,09:00 - 11:59 - שפל יום 1,2023,10,25,15,23,29,23,17,,8,16,7,11,6,6,,7,12,14,10,6,13,,24,20,10,14,17,14,,18,16,20
20017,גשר דוד שיפמן /דרך מנחם בגין,09:00 - 11:59 - שפל יום 1,2023,11,16,18,16,,26,23,15,24,12,17,,18,23,20,17,18,14,,11,21,21,15,20,14,,26,22,24,20,17,
20017,גשר דוד שיפמן /דרך מנחם בגין,09:00 - 11:59 - שפל יום 1,2023,12,16,,16,19,20,32,20,19,,23,25,21,22,18,25,,20,21,31,31,23,16,,17,15,18,15,2,,,
20017,גשר דוד שיפמן /דרך מנחם בגין,12:00 - 14:59 - שפל יום 2,2023,1,49,29,31,40,42,22,,35,44,26,35,42,9,,33,23,31,29,39,32,,42,31,35,37,33,16,,23,37,39
20017,גשר דוד שיפמן /דרך מנחם בגין,12:00 - 14:59 - שפל יום 2,2023,2,29,39,29,,52,29,33,34,38,24,,44,32,31,35,55,32,,35,29,38,51,57,48,,43,34,29,,,
20017,גשר דוד שיפמן /דרך מנחם בגין,12:00 - 14:59 - שפל יום 2,2023,3,54,42,28,,51,43,36,31,6,22,,44,34,35,31,19,37,,29,48,27,41,3,19,,31,27,22,54,41,21
20017,גשר דוד שיפמן /דרך מנחם בגין,12:00 - 14:59 - שפל יום 2,2023,4,,41,30,41,34,,26,,30,43,26,,41,21,,34,37,37,41,48,23,,43,48,64,18,45,22,,27,
20017,גשר דוד שיפמן /דרך מנחם בגין,12:00 - 14:59 - שפל יום 2,2023,5,35,44,38,55,32,,38,33,27,43,33,19,,39,30,49,29,38,27,,42,42,37,56,43,,,42,42,41,56
20017,גשר דוד שיפמן /דרך מנחם בגין,12:00 - 14:59 - שפל יום 2,2023,6,46,31,,35,43,54,38,36,25,,48,43,36,39,52,34,,46,57,46,48,44,29,,30,35,39,37,44,24,
20017,גשר דוד שיפמן /דרך מנחם בגין,12:00 - 14:59 - שפל יום 2,2023,7,,28,23,48,40,48,24,,45,37,56,37,39,29,,34,27,33,52,34,18,,37,32,33,20,32,20,,48,38
20017,גשר דוד שיפמן /דרך מנחם בגין,12:00 - 14:59 - שפל יום 2,2023,8,45,38,37,22,,39,39,41,50,51,28,,50,22,39,41,46,36,,57,48,34,36,58,33,,35,39,31,32,52
20017,גשר דוד שיפמן /דרך מנחם בגין,12:00 - 14:59 - שפל יום 2,2023,9,25,,27,50,38,46,43,16,,53,36,40,54,54,19,,,40,35,38,53,30,,19,,44,28,39,26,,
20017,גשר דוד שיפמן /דרך מנחם בגין,12:00 - 14:59 - שפל יום 2,2023,10,41,47,48,38,38,23,,10,19,10,23,21,11,,13,22,24,23,37,15,,27,37,31,24,29,19,,27,30,32
20017,גשר דוד שיפמן /דרך מנחם בגין,12:00 - 14:59 - שפל יום 2,2023,11,30,35,12,,27,35,34,37,32,17,,55,32,31,33,46,16,,24,34,33,50,40,15,,37,41,44,40,41,
20017,גשר דוד שיפמן /דרך מנחם בגין,12:00 - 14:59 - שפל יום 2,2023,12,51,,42,37,29,37,54,19,,30,31,38,32,48,28,,25,35,39,35,38,27,,41,27,30,22,10,,,
20017,גשר דוד שיפמן /דרך מנחם בגין,15:00 - 18:59 - שיא ערב,2023,1,93,91,95,84,98,5,1,86,106,103,109,109,3,2,82,118,106,95,80,3,,81,128,76,80,95,3,,96,102,81
20017,גשר דוד שיפמן /דרך מנחם בגין,15:00 - 18:59 - שיא ערב,2023,2,85,87,11,2,102,93,82,84,92,10,,96,89,86,98,93,9,2,81,92,88,136,99,3,,105,100,105,,,
20017,גשר דוד שיפמן /דרך מנחם בגין,15:00 - 18:59 - שיא ערב,2023,3,96,102,5,,114,67,64,104,78,5,,84,99,69,87,78,14,,92,124,85,97,49,7,,93,121,117,87,77,10
20017,גשר דוד שיפמן /דרך מנחם בגין,15:00 - 18:59 - שיא ערב,2023,4,,110,70,86,15,2,7,3,67,70,14,,91,7,,99,110,85,106,113,8,1,92,101,51,30,62,11,,82,
20017,גשר דוד שיפמן /דרך מנחם בגין,15:00 - 18:59 - שיא ערב,2023,5,107,102,96,105,7,2,92,109,86,80,80,6,4,104,117,97,94,98,10,2,115,113,85,106,24,,2,113,108,114,97
20017,גשר דוד שיפמן /דרך מנחם בגין,15:00 - 18:59 - שיא ערב,2023,6,76,10,1,115,102,93,111,94,2,1,99,96,110,122,103,15,1,94,121,94,107,104,16,1,93,115,89,78,71,6,
20017,גשר דוד שיפמן /דרך מנחם בגין,15:00 - 18:59 - שיא ערב,2023,7,2,48,103,95,100,86,6,,95,85,84,106,79,10,4,106,106,83,113,97,16,6,78,86,99,86,74,8,,82,101
20017,גשר דוד שיפמן /דרך מנחם בגין,15:00 - 18:59 - שיא ערב,2023,8,97,100,103,15,3,107,89,87,101,90,16,2,96,120,87,116,92,11,1,128,93,104,107,88,14,,105,100,100,114,89
20017,גשר דוד שיפמן /דרך מנחם בגין,15:00 - 18:59 - שיא ערב,2023,9,17,,116,125,96,106,109,6,1,139,124,120,104,91,7,,2,114,121,129,112,7,1,,,113,96,110,15,6,
20017,גשר דוד שיפמן /דרך מנחם בגין,15:00 - 18:59 - שיא ערב,2023,10,83,90,88,99,62,18,,20,26,28,24,33,6,,32,41,43,29,43,6,,49,43,65,50,45,6,,65,80,61
20017,גשר דוד שיפמן /דרך מנחם בגין,15:00 - 18:59 - שיא ערב,2023,11,72,77,14,4,61,71,85,69,70,6,2,86,108,66,70,70,10,2,74,80,84,96,80,11,1,76,105,100,79,88,
20017,גשר דוד שיפמן /דרך מנחם בגין,15:00 - 18:59 - שיא ערב,2023,12,20,2,80,90,105,92,106,14,1,109,110,111,100,103,23,1,109,112,94,128,100,11,3,89,68,70,69,9,,,
20017,גשר דוד שיפמן /דרך מנחם בגין,19:00 - 23:59 - שפל ערב,2023,1,53,61,41,59,53,,40,53,52,49,68,38,,43,52,65,45,50,49,,7,50,61,46,53,49,,,45,55,43
20017,גשר דוד שיפמן /דרך מנחם בגין,19:00 - 23:59 - שפל ערב,2023,2,40,61,,11,59,38,36,45,47,,4,72,63,57,78,45,,1,49,51,51,55,49,,2,47,64,52,,,
20017,גשר דוד שיפמן /דרך מנחם בגין,19:00 - 23:59 - שפל ערב,2023,3,58,66,,1,75,45,35,65,45,,,44,76,53,70,60,,2,54,55,67,58,51,,3,57,77,66,39,23,
20017,גשר דוד שיפמן /דרך מנחם בגין,19:00 - 23:59 - שפל ערב,2023,4,2,66,58,49,,19,,8,44,40,,8,72,,5,44,59,57,68,36,,9,48,26,32,22,39,,6,36,
20017,גשר דוד שיפמן /דרך מנחם בגין,19:00 - 23:59 - שפל ערב,2023,5,25,51,43,69,,9,51,41,53,39,41,,10,46,64,54,79,57,,5,46,75,53,51,,,11,53,58,71,47
20017,גשר דוד שיפמן /דרך מנחם בגין,19:00 - 23:59 - שפל ערב,2023,6,57,,9,68,84,66,54,66,,14,55,72,78,71,76,,7,67,70,75,41,44,,22,61,57,56,47,57,,
20017,גשר דוד שיפמן /דרך מנחם בגין,19:00 - 23:59 - שפל ערב,2023,7,6,44,61,76,61,52,,9,54,46,34,59,76,,8,65,56,34,56,51,,10,63,24,46,26,30,,6,54,60
20017,גשר דוד שיפמן /דרך מנחם בגין,19:00 - 23:59 - שפל ערב,2023,8,56,70,46,,11,61,48,63,87,59,,6,50,59,64,73,51,,8,66,23,51,24,52,,11,67,47,53,48,47
20017,גשר דוד שיפמן /דרך מנחם בגין,19:00 - 23:59 - שפל ערב,2023,9,,26,57,55,49,58,41,,8,53,66,44,42,58,,,15,62,58,61,43,,12,,5,66,49,46,,6,
20017,גשר דוד שיפמן /דרך מנחם בגין,19:00 - 23:59 - שפל ערב,2023,10,38,52,51,35,40,,3,10,8,8,6,12,,,15,14,12,12,15,,11,21,19,31,22,22,,7,23,15,23
20017,גשר דוד שיפמן /דרך מנחם בגין,19:00 - 23:59 - שפל ערב,2023,11,21,11,,20,34,20,28,24,33,,12,28,28,31,44,40,,12,31,34,37,38,40,,28,22,24,30,33,38,
20017,גשר דוד שיפמן /דרך מנחם בגין,19:00 - 23:59 - שפל ערב,2023,12,,22,33,26,57,32,36,,15,53,35,39,39,31,,16,41,52,43,49,39,,12,33,23,25,29,3,,,
20017,גשר דוד שיפמן /דרך מנחם בגין,24:00 - 27:59 - שפל לילה,2023,1,3,3,1,2,1,3,,1,1,,,2,1,,,1,,5,2,2,,,1,2,,1,2,,,,2
20017,גשר דוד שיפמן /דרך מנחם בגין,24:00 - 27:59 - שפל לילה,2023,2,1,,1,,2,,1,,,3,,,,,2,1,1,,1,,1,2,1,3,,,,,,,
20017,גשר דוד שיפמן /דרך מנחם בגין,24:00 - 27:59 - שפל לילה,2023,3,2,,,,,2,,,7,2,,,,1,1,,2,,2,2,2,1,,,,1,,1,1,,2
20017,גשר דוד שיפמן /דרך מנחם בגין,24:00 - 27:59 - שפל לילה,2023,4,,1,1,1,,,3,,,2,4,,1,1,,4,1,,1,,4,,1,2,,4,,12,,2,
20017,גשר דוד שיפמן /דרך מנחם בגין,24:00 - 27:59 - שפל לילה,2023,5,,2,,,1,,1,2,3,2,1,2,,1,1,,2,1,,,3,2,,1,1,,,3,,,
20017,גשר דוד שיפמן /דרך מנחם בגין,24:00 - 27:59 - שפל לילה,2023,6,,2,,3,,3,2,2,4,,1,1,,2,2,7,,5,3,2,2,3,2,,1,5,1,6,5,8,
20017,גשר דוד שיפמן /דרך מנחם בגין,24:00 - 27:59 - שפל לילה,2023,7,,,1,1,4,3,1,,2,1,,5,1,4,,2,3,,5,1,4,,5,2,2,,1,1,,4,3
20017,גשר דוד שיפמן /דרך מנחם בגין,24:00 - 27:59 - שפל לילה,2023,8,,,1,3,,,3,1,2,,2,,1,1,3,4,3,8,,,2,,3,4,2,,,,,3,8
20017,גשר דוד שיפמן /דרך מנחם בגין,24:00 - 27:59 - שפל לילה,2023,9,1,,1,3,,2,2,2,,1,,1,,1,2,,,1,1,1,1,2,,1,,1,,,5,,
20017,גשר דוד שיפמן /דרך מנחם בגין,24:00 - 27:59 - שפל לילה,2023,10,,,1,1,,2,,,,,,,,,,1,,,,,,,,1,,1,,,,,
20017,גשר דוד שיפמן /דרך מנחם בגין,24:00 - 27:59 - שפל לילה,2023,11,,,,,,,1,2,,2,,,,1,,1,2,,,,,2,3,1,,1,1,1,2,1,
20017,גשר דוד שיפמן /דרך מנחם בגין,24:00 - 27:59 - שפל לילה,2023,12,,,,1,1,,1,,,,,2,1,3,1,,,,1,1,1,2,,1,1,1,1,,,,
20026,המסגר/בן אביגדור,04:00 - 05:59 - שפל לפנות בוקר,2023,1,5,8,12,4,4,4,,6,11,8,16,7,8,,6,18,12,11,8,14,,5,14,11,8,14,,,5,7,11
20026,המסגר/בן אביגדור,04:00 - 05:59 - שפל לפנות בוקר,2023,2,9,16,14,,12,14,5,11,10,12,,9,8,10,7,12,8,,10,7,5,8,12,12,,6,3,4,,,
20026,המסגר/בן אביגדור,04:00 - 05:59 - שפל לפנות בוקר,2023,3,5,6,,,3,9,7,4,9,8,,7,,6,2,6,5,,4,6,9,5,10,5,,5,4,7,7,6,3
20026,המסגר/בן אביגדור,04:00 - 05:59 - שפל לפנות בוקר,2023,4,,8,6,14,3,,4,,6,7,6,,7,3,,8,14,14,7,7,5,,5,9,6,4,7,11,,12,
20026,המסגר/בן אביגדור,04:00 - 05:59 - שפל לפנות בוקר,2023,5,5,11,5,21,2,,5,7,7,5,12,8,,6,5,11,7,9,3,,7,4,5,7,10,,,7,9,8,10
20026,המסגר/בן אביגדור,04:00 - 05:59 - שפל לפנות בוקר,2023,6,8,12,,10,9,10,6,4,5,,11,8,9,17,13,6,,4,7,12,9,10,7,,2,11,14,1,7,3,
20026,המסגר/בן אביגדור,04:00 - 05:59 - שפל לפנות בוקר,2023,7,,4,4,7,9,6,10,,10,6,11,13,5,12,,6,12,10,7,6,12,,6,9,10,13,9,6,,12,5
20026,המסגר/בן אביגדור,04:00 - 05:59 - שפל לפנות בוקר,2023,8,8,10,13,6,,6,7,6,9,11,3,,6,14,11,8,8,1,,5,12,10,10,9,8,,12,7,8,7,9
20026,המסגר/בן אביגדור,04:00 - 05:59 - שפל לפנות בוקר,2023,9,5,,7,8,14,12,8,11,,49,6,14,6,10,12,,,9,18,10,12,7,,6,,11,7,8,9,,
20026,המסגר/בן אביגדור,04:00 - 05:59 - שפל לפנות בוקר,2023,10,8,12,16,17,10,15,,,10,11,5,9,,,,5,10,9,10,8,,5,6,13,13,11,5,,5,8,11
20026,המסגר/בן אביגדור,04:00 - 05:59 - שפל לפנות בוקר,2023,11,9,13,4,,6,10,5,9,11,10,,10,11,7,9,8,1,,8,12,11,17,15,5,,7,10,6,14,7,
20026,המסגר/בן אביגדור,04:00 - 05:59 - שפל לפנות בוקר,2023,12,6,,6,12,11,13,11,3,,4,15,6,6,11,5,,8,15,13,13,17,15,,7,7,15,10,,,,
20026,המסגר/בן אביגדור,06:00 - 08:59 - שיא בוקר,2023,1,76,130,122,104,116,64,,127,151,121,132,132,69,,116,123,132,154,118,51,,128,148,152,126,131,78,,132,135,133
20026,המסגר/בן אביגדור,06:00 - 08:59 - שיא בוקר,2023,2,118,116,49,,125,126,115,111,140,62,,127,115,126,149,128,66,,119,161,123,129,112,83,,137,122,153,,,
20026,המסגר/בן אביגדור,06:00 - 08:59 - שיא בוקר,2023,3,119,134,37,,103,118,91,102,101,66,,139,137,116,167,110,58,,118,132,133,145,112,71,,138,114,125,130,134,76
20026,המסגר/בן אביגדור,06:00 - 08:59 - שיא בוקר,2023,4,,109,145,123,61,,58,,75,81,60,,119,67,,122,143,146,144,119,60,,116,135,98,20,138,67,,136,
20026,המסגר/בן אביגדור,06:00 - 08:59 - שיא בוקר,2023,5,153,153,146,146,62,,138,166,148,148,136,59,,157,138,157,127,145,80,,152,150,158,158,80,,,145,129,156,152
20026,המסגר/בן אביגדור,06:00 - 08:59 - שיא בוקר,2023,6,140,80,,129,160,148,136,128,71,,135,155,138,147,137,73,,138,151,128,146,134,81,,168,159,142,135,130,58,
20026,המסגר/בן אביגדור,06:00 - 08:59 - שיא בוקר,2023,7,,71,134,143,144,145,77,,131,162,109,145,141,73,,149,157,105,152,139,74,,140,136,156,159,112,73,,128,137
20026,המסגר/בן אביגדור,06:00 - 08:59 - שיא בוקר,2023,8,153,149,115,73,,142,140,136,140,114,68,,136,155,186,182,150,55,,113,155,157,149,139,84,,123,146,176,153,130
20026,המסגר/בן אביגדור,06:00 - 08:59 - שיא בוקר,2023,9,68,,176,149,161,182,151,72,,114,166,143,144,158,64,,,139,150,156,129,58,,47,,143,181,151,59,,
20026,המסגר/בן אביגדור,06:00 - 08:59 - שיא בוקר,2023,10,132,134,116,124,121,68,,47,69,61,72,86,45,,1,98,89,99,88,55,,113,108,110,125,99,47,,117,109,106
20026,המסגר/בן אביגדור,06:00 - 08:59 - שיא בוקר,2023,11,122,110,49,2,113,123,122,117,97,72,,121,134,106,135,114,71,,114,134,113,123,113,71,,139,166,75,123,114,
20026,המסגר/בן אביגדור,06:00 - 08:59 - שיא בוקר,2023,12,53,,105,125,126,121,116,58,,106,147,107,103,101,63,,126,131,140,147,104,66,,73,93,80,62,29,,,
20026,המסגר/בן אביגדור,09:00 - 11:59 - שפל יום 1,2023,1,34,36,30,48,28,29,,42,41,35,51,32,21,,51,38,51,45,47,28,,47,55,45,28,50,34,,44,48,68
20026,המסגר/בן אביגדור,09:00 - 11:59 - שפל יום 1,2023,2,53,50,22,,36,50,26,39,42,18,,55,35,39,45,37,29,,48,50,40,34,40,53,,42,49,34,,,
20026,המסגר/בן אביגדור,09:00 - 11:59 - שפל יום 1,2023,3,16,45,29,,47,30,46,37,7,19,,46,40,39,29,17,22,,33,34,40,41,4,19,,37,38,40,28,32,24
20026,המסגר/בן אביגדור,09:00 - 11:59 - שפל יום 1,2023,4,,47,30,21,25,,14,,30,21,12,,22,25,,28,38,33,32,29,19,,50,47,42,18,34,31,,37,
20026,המסגר/בן אביגדור,09:00 - 11:59 - שפל יום 1,2023,5,39,36,50,25,32,,56,44,46,39,52,20,,49,31,47,29,39,27,,33,28,63,35,35,,,43,38,42,49
20026,המסגר/בן אביגדור,09:00 - 11:59 - שפל יום 1,2023,6,30,33,,40,42,41,42,40,38,,43,44,51,31,35,35,,47,43,49,41,56,26,,34,41,53,36,31,25,
20026,המסגר/בן אביגדור,09:00 - 11:59 - שפל יום 1,2023,7,,27,45,33,33,36,28,,36,30,27,41,33,25,,36,41,3,40,30,25,,29,36,33,37,24,17,,41,29
20026,המסגר/בן אביגדור,09:00 - 11:59 - שפל יום 1,2023,8,39,39,34,21,,33,43,31,52,31,16,,37,49,41,44,31,26,,34,52,39,38,28,24,,47,39,42,40,39
20026,המסגר/בן אביגדור,09:00 - 11:59 - שפל יום 1,2023,9,34,,37,39,39,34,33,27,,54,47,45,63,36,24,,,38,50,45,33,33,,24,,63,43,25,31,,
20026,המסגר/בן אביגדור,09:00 - 11:59 - שפל יום 1,2023,10,31,35,32,37,45,24,,13,9,11,12,10,5,,3,24,8,7,19,14,,12,22,19,21,17,13,,18,24,27
20026,המסגר/בן אביגדור,09:00 - 11:59 - שפל יום 1,2023,11,15,21,18,1,27,27,24,26,19,31,,44,30,36,12,21,37,,15,22,27,26,22,18,,44,28,28,24,26,
20026,המסגר/בן אביגדור,09:00 - 11:59 - שפל יום 1,2023,12,16,,28,30,26,24,35,21,,38,34,39,23,26,30,,40,34,37,44,39,16,,27,14,23,13,3,,,
20026,המסגר/בן אביגדור,12:00 - 14:59 - שפל יום 2,2023,1,38,78,86,72,66,58,,56,85,79,66,77,73,,84,86,78,86,78,80,,74,95,86,63,72,58,,80,79,77
20026,המסגר/בן אביגדור,12:00 - 14:59 - שפל יום 2,2023,2,60,72,50,,74,94,62,48,73,83,,70,73,73,73,61,61,,91,72,67,72,75,91,,60,97,73,,,
20026,המסגר/בן אביגדור,12:00 - 14:59 - שפל יום 2,2023,3,30,86,61,,62,89,55,58,11,51,,49,86,72,54,3,59,,73,65,71,68,,55,,53,35,70,70,71,47
20026,המסגר/בן אביגדור,12:00 - 14:59 - שפל יום 2,2023,4,,54,69,57,51,,26,,46,51,59,,42,57,,53,69,69,65,84,43,,49,61,92,16,75,75,,44,
20026,המסגר/בן אביגדור,12:00 - 14:59 - שפל יום 2,2023,5,67,72,66,37,45,,53,88,75,80,49,52,,53,62,81,66,58,54,,63,80,71,69,51,,,65,74,79,61
20026,המסגר/בן אביגדור,12:00 - 14:59 - שפל יום 2,2023,6,80,42,,59,70,88,52,66,61,,67,70,66,63,66,56,,53,66,56,52,74,52,,58,70,55,57,42,45,
20026,המסגר/בן אביגדור,12:00 - 14:59 - שפל יום 2,2023,7,,44,52,54,32,59,63,,51,66,132,46,50,62,,59,51,,64,67,44,,70,54,54,63,44,41,,64,80
20026,המסגר/בן אביגדור,12:00 - 14:59 - שפל יום 2,2023,8,83,66,60,45,,74,86,59,58,70,50,,56,64,59,78,74,48,,47,75,59,64,59,40,,55,70,59,72,73
20026,המסגר/בן אביגדור,12:00 - 14:59 - שפל יום 2,2023,9,47,,57,65,71,65,79,50,,68,66,60,59,64,34,,,62,59,43,56,43,,24,,51,62,72,38,,
20026,המסגר/בן אביגדור,12:00 - 14:59 - שפל יום 2,2023,10,52,53,68,63,48,26,,14,24,13,26,15,10,,20,20,24,17,41,31,,22,37,34,28,34,21,,31,36,37
20026,המסגר/בן אביגדור,12:00 - 14:59 - שפל יום 2,2023,11,28,45,29,,37,40,36,32,38,19,,37,53,45,45,69,32,,44,36,41,47,39,42,,37,48,40,51,46,
20026,המסגר/בן אביגדור,12:00 - 14:59 - שפל יום 2,2023,12,28,,40,46,45,43,52,34,,50,50,49,32,45,43,,50,39,47,46,49,27,,31,27,27,25,1,,,
20026,המסגר/בן אביגדור,15:00 - 18:59 - שיא ערב,2023,1,213,265,253,266,275,13,,301,260,308,259,272,5,2,287,253,288,250,242,5,,269,276,273,262,287,5,,287,289,257
20026,המסגר/בן אביגדור,15:00 - 18:59 - שיא ערב,2023,2,222,241,1,,278,251,260,275,265,2,,235,227,279,245,243,,,239,258,254,265,276,2,,270,254,275,,,
20026,המסגר/בן אביגדור,15:00 - 18:59 - שיא ערב,2023,3,155,226,,,206,223,170,225,103,1,,255,279,281,260,91,2,,235,263,258,231,1,11,,208,57,217,194,184,15
20026,המסגר/בן אביגדור,15:00 - 18:59 - שיא ערב,2023,4,,206,236,181,30,,21,,101,117,13,,160,24,,260,266,259,258,205,20,,237,269,39,14,215,13,,241,
20026,המסגר/בן אביגדור,15:00 - 18:59 - שיא ערב,2023,5,259,294,217,183,17,,251,268,258,206,206,19,,232,264,256,224,204,17,,223,274,234,241,44,,,266,269,202,234
20026,המסגר/בן אביגדור,15:00 - 18:59 - שיא ערב,2023,6,214,25,,230,233,237,228,192,17,,241,238,246,229,226,20,,209,250,254,251,222,13,,243,252,248,191,184,20,
20026,המסגר/בן אביגדור,15:00 - 18:59 - שיא ערב,2023,7,,118,232,219,247,219,19,,219,258,60,241,230,21,,216,269,19,277,259,24,,84,134,218,245,165,17,,278,274
20026,המסגר/בן אביגדור,15:00 - 18:59 - שיא ערב,2023,8,264,269,254,28,,239,277,220,241,191,17,,246,281,275,225,235,29,,233,77,213,206,191,30,,214,273,237,198,223
20026,המסגר/בן אביגדור,15:00 - 18:59 - שיא ערב,2023,9,25,,245,261,238,212,214,18,,235,271,253,232,215,23,,,233,261,225,198,17,,,,225,206,218,13,,
20026,המסגר/בן אביגדור,15:00 - 18:59 - שיא ערב,2023,10,151,179,160,174,142,14,,24,37,39,56,65,4,,46,68,78,15,76,6,,79,112,92,108,102,11,,102,121,110
20026,המסגר/בן אביגדור,15:00 - 18:59 - שיא ערב,2023,11,113,108,2,3,126,148,140,147,112,1,,130,152,143,164,125,1,1,113,147,136,166,130,4,1,142,195,147,146,145,
20026,המסגר/בן אביגדור,15:00 - 18:59 - שיא ערב,2023,12,6,,157,200,185,174,175,1,1,149,163,161,175,139,6,6,158,168,136,195,167,5,4,95,102,87,56,16,,,
20026,המסגר/בן אביגדור,19:00 - 23:59 - שפל ערב,2023,1,66,86,73,99,77,,18,80,94,108,115,86,,21,76,102,119,117,97,,4,94,82,107,101,75,,1,82,91,66
20026,המסגר/בן אביגדור,19:00 - 23:59 - שפל ערב,2023,2,84,91,,2,85,69,77,98,80,,1,87,109,99,111,79,,9,81,74,104,113,102,,,71,107,109,,,
20026,המסגר/בן אביגדור,19:00 - 23:59 - שפל ערב,2023,3,129,58,,,69,62,64,90,44,,,86,102,73,98,73,,,83,80,90,90,42,,,105,32,73,71,136,
20026,המסגר/בן אביגדור,19:00 - 23:59 - שפל ערב,2023,4,,73,100,53,,12,,4,45,57,,14,65,,,73,79,86,111,69,,4,85,64,5,13,77,,1,81,
20026,המסגר/בן אביגדור,19:00 - 23:59 - שפל ערב,2023,5,114,94,81,58,,3,89,88,84,67,69,,9,90,105,87,130,75,,2,73,98,60,94,,,6,85,79,111,97
20026,המסגר/בן אביגדור,19:00 - 23:59 - שפל ערב,2023,6,67,,,80,83,96,118,89,,,64,75,89,80,94,,10,86,97,80,83,76,,,81,100,78,74,73,,
20026,המסגר/בן אביגדור,19:00 - 23:59 - שפל ערב,2023,7,,44,95,92,67,64,,,82,100,1,100,66,,,73,84,1,95,46,,,5,2,66,72,,,,92,84
20026,המסגר/בן אביגדור,19:00 - 23:59 - שפל ערב,2023,8,92,42,58,,3,56,77,74,87,55,,,78,87,85,77,31,,1,70,32,64,45,70,,,85,71,73,37,52
20026,המסגר/בן אביגדור,19:00 - 23:59 - שפל ערב,2023,9,,1,70,74,81,89,72,,,71,85,63,74,52,,,15,73,67,67,70,,,,12,78,70,72,,,
20026,המסגר/בן אביגדור,19:00 - 23:59 - שפל ערב,2023,10,50,50,52,57,62,,3,5,10,5,11,7,,,6,13,12,14,16,,3,22,24,29,24,24,,7,20,33,19
20026,המסגר/בן אביגדור,19:00 - 23:59 - שפל ערב,2023,11,19,27,,5,22,33,32,34,42,,3,32,39,26,40,34,,5,31,45,39,35,33,,8,31,40,55,49,43,
20026,המסגר/בן אביגדור,19:00 - 23:59 - שפל ערב,2023,12,,10,33,43,62,51,28,,9,48,35,50,42,40,,16,46,65,61,42,61,,7,22,25,42,3,2,,,
20026,המסגר/בן אביגדור,24:00 - 27:59 - שפל לילה,2023,1,4,1,,2,,1,,,9,,1,,2,,24,1,,,,6,,,1,,,,1,,1,,
20026,המסגר/בן אביגדור,24:00 - 27:59 - שפל לילה,2023,2,,,2,,,2,2,,4,9,,,,2,,2,2,,3,,1,2,5,5,,1,1,,,,
20026,המסגר/בן אביגדור,24:00 - 27:59 - שפל לילה,2023,3,2,,,,2,,,,2,2,,1,,,1,,1,,,,,,,1,,,8,2,,,4
20026,המסגר/בן אביגדור,24:00 - 27:59 - שפל לילה,2023,4,,2,,2,,,1,,,,,,,9,,,,,1,,4,,,,,6,3,5,,,
20026,המסגר/בן אביגדור,24:00 - 27:59 - שפל לילה,2023,5,,,,2,2,,,,,,,,,2,,1,1,,1,,,,,,2,,,,,1,2
20026,המסגר/בן אביגדור,24:00 - 27:59 - שפל לילה,2023,6,2,8,,,1,,3,,10,,,1,,6,3,5,,,1,,1,2,3,,3,1,,,3,4,
20026,המסגר/בן אביגדור,24:00 - 27:59 - שפל לילה,2023,7,,1,,1,1,1,3,,,1,,,,2,,1,1,1,1,1,2,,,,,,,,,,
20026,המסגר/בן אביגדור,24:00 - 27:59 - שפל לילה,2023,8,2,1,,1,,3,2,,,2,5,,3,,1,,1,,,6,2,3,,,5,,11,,1,,
20026,המסגר/בן אביגדור,24:00 - 27:59 - שפל לילה,2023,9,2,,,,1,,,,,,,,,,30,,,,,1,,2,,,,,,,8,,
20026,המסגר/בן אביגדור,24:00 - 27:59 - שפל לילה,2023,10,2,,,,,,,,,,,,,,,,,1,,,,,,,,,,,,,
20026,המסגר/בן אביגדור,24:00 - 27:59 - שפל לילה,2023,11,1,,,,,,1,,,,,,,,,,,,,,,1,,,,,,,,1,
20026,המסגר/בן אביגדור,24:00 - 27:59 - שפל לילה,2023,12,,,,,,1,,7,,1,,,,1,2,,1,,,,,,,,,,,,,,
20050,סמינר הקיבוצים/דרך נמיר,04:00 - 05:59 - שפל לפנות בוקר,2023,1,6,1,,,,,,1,2,2,,1,,,,,,1,,,,2,,,2,1,1,,1,,3
20050,סמינר הקיבוצים/דרך נמיר,04:00 - 05:59 - שפל לפנות בוקר,2023,2,2,,,,4,3,1,1,3,2,,4,1,,3,1,1,,1,3,2,3,1,1,,2,2,2,,,
20050,סמינר הקיבוצים/דרך נמיר,04:00 - 05:59 - שפל לפנות בוקר,2023,3,,1,,,1,1,1,2,1,,,2,1,,,,,,2,2,3,,1,1,,6,1,5,3,1,1
20050,סמינר הקיבוצים/דרך נמיר,04:00 - 05:59 - שפל לפנות בוקר,2023,4,,2,,1,1,,,,3,2,,,,1,,2,1,3,2,2,3,,1,2,2,6,2,,,2,
20050,סמינר הקיבוצים/דרך נמיר,04:00 - 05:59 - שפל לפנות בוקר,2023,5,1,2,2,2,,,2,2,2,2,1,1,,2,2,2,4,1,3,,2,3,3,3,2,,,3,2,1,1
20050,סמינר הקיבוצים/דרך נמיר,04:00 - 05:59 - שפל לפנות בוקר,2023,6,4,2,,3,5,3,1,4,,,3,2,3,3,3,2,,4,4,5,3,2,1,,3,1,1,2,3,1,
20050,סמינר הקיבוצים/דרך נמיר,04:00 - 05:59 - שפל לפנות בוקר,2023,7,,3,2,4,2,2,2,,1,2,1,2,2,1,,1,1,1,1,2,5,,5,1,,,,2,,1,1
20050,סמינר הקיבוצים/דרך נמיר,04:00 - 05:59 - שפל לפנות בוקר,2023,8,1,,,4,,,1,1,1,,6,,,,1,1,2,6,,1,,2,,3,12,,1,1,1,,1
20050,סמינר הקיבוצים/דרך נמיר,04:00 - 05:59 - שפל לפנות בוקר,2023,9,1,,4,2,,6,2,5,,11,2,4,3,2,1,,,,4,3,3,5,,1,,3,3,3,5,,
20050,סמינר הקיבוצים/דרך נמיר,04:00 - 05:59 - שפל לפנות בוקר,2023,10,3,4,4,5,11,3,,,,,1,1,,,,,2,6,2,1,,2,3,5,2,2,,,2,3,2
20050,סמינר הקיבוצים/דרך נמיר,04:00 - 05:59 - שפל לפנות בוקר,2023,11,1,2,,,1,3,1,3,4,2,,5,4,3,5,3,1,,4,1,1,3,5,1,,5,5,3,5,2,
20050,סמינר הקיבוצים/דרך נמיר,04:00 - 05:59 - שפל לפנות בוקר,2023,12,4,,2,3,2,2,3,1,,1,1,1,2,2,2,,4,2,2,4,4,,,3,3,1,2,,,,
20050,סמינר הקיבוצים/דרך נמיר,06:00 - 08:59 - שיא בוקר,2023,1,104,101,111,88,107,64,,83,99,96,108,100,44,,97,91,102,96,92,53,,87,94,101,73,89,75,,91,100,74
20050,סמינר הקיבוצים/דרך נמיר,06:00 - 08:59 - שיא בוקר,2023,2,75,74,41,,84,68,82,74,78,58,,104,80,88,95,84,35,,95,83,89,105,87,7,,89,117,108,,,
20050,סמינר הקיבוצים/דרך נמיר,06:00 - 08:59 - שיא בוקר,2023,3,81,103,29,,94,97,85,96,90,39,,106,96,88,98,78,45,,99,98,88,94,98,42,,103,89,82,103,84,44
20050,סמינר הקיבוצים/דרך נמיר,06:00 - 08:59 - שיא בוקר,2023,4,,77,83,98,51,,40,,54,76,39,,79,41,,116,123,116,122,97,64,,116,122,80,16,104,50,,102,
20050,סמינר הקיבוצים/דרך נמיר,06:00 - 08:59 - שיא בוקר,2023,5,86,100,107,83,35,,111,108,104,99,88,51,,98,104,104,87,87,51,,100,99,97,88,60,,,112,92,103,101
20050,סמינר הקיבוצים/דרך נמיר,06:00 - 08:59 - שיא בוקר,2023,6,91,48,,100,105,97,101,82,31,,98,95,96,93,98,50,,88,118,98,92,100,31,,83,103,102,84,70,44,
20050,סמינר הקיבוצים/דרך נמיר,06:00 - 08:59 - שיא בוקר,2023,7,,48,87,91,93,82,45,,103,106,99,97,87,36,,106,115,85,91,87,37,,93,85,80,95,80,36,,89,103
20050,סמינר הקיבוצים/דרך נמיר,06:00 - 08:59 - שיא בוקר,2023,8,89,90,88,43,,87,93,96,100,59,36,,105,114,87,91,99,50,,84,89,92,97,93,31,,87,106,104,96,88
20050,סמינר הקיבוצים/דרך נמיר,06:00 - 08:59 - שיא בוקר,2023,9,65,,98,112,108,97,110,54,,119,116,103,83,84,36,,,107,102,102,102,44,,42,,97,83,89,64,,
20050,סמינר הקיבוצים/דרך נמיר,06:00 - 08:59 - שיא בוקר,2023,10,73,91,70,79,71,45,,18,22,43,27,36,29,,,39,54,54,46,24,,53,52,64,49,64,27,,61,82,57
20050,סמינר הקיבוצים/דרך נמיר,06:00 - 08:59 - שיא בוקר,2023,11,74,63,32,,61,87,82,78,79,31,,73,86,77,86,94,43,,74,113,78,87,86,30,,101,85,71,100,70,
20050,סמינר הקיבוצים/דרך נמיר,06:00 - 08:59 - שיא בוקר,2023,12,45,,97,95,110,110,118,41,,79,94,93,79,80,41,,103,104,87,113,97,47,,63,55,73,46,14,,,
20050,סמינר הקיבוצים/דרך נמיר,09:00 - 11:59 - שפל יום 1,2023,1,86,72,85,84,80,108,,95,69,69,78,76,94,,81,72,60,100,80,84,,79,63,76,94,81,96,,98,85,53
20050,סמינר הקיבוצים/דרך נמיר,09:00 - 11:59 - שפל יום 1,2023,2,67,89,77,,75,71,58,74,77,71,,97,109,71,89,97,68,,93,122,77,114,91,,,109,76,89,,,
20050,סמינר הקיבוצים/דרך נמיר,09:00 - 11:59 - שפל יום 1,2023,3,54,88,72,,100,86,91,107,23,65,,91,103,93,84,39,79,,109,93,90,132,23,99,,88,70,85,98,86,67
20050,סמינר הקיבוצים/דרך נמיר,09:00 - 11:59 - שפל יום 1,2023,4,,88,88,77,83,,59,,90,71,77,,71,47,,108,92,85,88,94,55,,112,86,58,31,91,88,,121,
20050,סמינר הקיבוצים/דרך נמיר,09:00 - 11:59 - שפל יום 1,2023,5,93,108,106,79,57,,70,105,98,90,84,75,,80,84,104,96,86,77,,91,90,90,103,103,,,91,95,76,84
20050,סמינר הקיבוצים/דרך נמיר,09:00 - 11:59 - שפל יום 1,2023,6,91,92,,104,104,94,105,58,60,,110,95,92,79,100,94,,134,108,97,101,114,79,,105,96,87,91,96,63,
20050,סמינר הקיבוצים/דרך נמיר,09:00 - 11:59 - שפל יום 1,2023,7,,62,80,79,99,70,80,,110,102,42,98,98,82,,107,105,67,83,78,65,,115,98,88,86,82,66,,90,74
20050,סמינר הקיבוצים/דרך נמיר,09:00 - 11:59 - שפל יום 1,2023,8,90,101,87,81,,92,101,92,102,92,63,,92,87,94,72,108,109,,92,96,88,70,80,79,,100,82,92,109,73
20050,סמינר הקיבוצים/דרך נמיר,09:00 - 11:59 - שפל יום 1,2023,9,60,,97,77,74,76,85,59,,88,85,81,100,71,64,,,72,87,89,87,69,,72,,90,84,72,58,,
20050,סמינר הקיבוצים/דרך נמיר,09:00 - 11:59 - שפל יום 1,2023,10,87,82,82,102,89,52,,30,33,26,38,37,26,1,15,45,36,31,51,42,,54,54,47,62,59,36,,45,45,56
20050,סמינר הקיבוצים/דרך נמיר,09:00 - 11:59 - שפל יום 1,2023,11,56,49,47,,65,52,59,67,57,57,,65,63,76,63,77,55,,46,75,66,76,76,61,,78,77,74,63,81,
20050,סמינר הקיבוצים/דרך נמיר,09:00 - 11:59 - שפל יום 1,2023,12,61,,96,71,50,80,70,57,,72,81,69,71,71,41,,93,69,78,72,105,55,,49,41,43,34,10,,,
20050,סמינר הקיבוצים/דרך נמיר,12:00 - 14:59 - שפל יום 2,2023,1,123,135,100,131,144,185,,119,141,153,158,158,155,,147,141,136,119,174,171,,165,142,191,154,184,159,,142,115,131
20050,סמינר הקיבוצים/דרך נמיר,12:00 - 14:59 - שפל יום 2,2023,2,105,114,199,,140,120,91,140,174,142,,129,110,135,136,172,175,,126,127,142,128,115,65,,130,130,144,,,
20050,סמינר הקיבוצים/דרך נמיר,12:00 - 14:59 - שפל יום 2,2023,3,93,169,138,,123,128,94,97,26,159,,122,149,121,134,97,166,,121,126,129,124,68,167,,162,78,157,158,170,146
20050,סמינר הקיבוצים/דרך נמיר,12:00 - 14:59 - שפל יום 2,2023,4,,145,148,177,169,,98,,93,89,94,,138,132,,146,179,170,183,176,128,,128,153,113,33,134,143,,122,
20050,סמינר הקיבוצים/דרך נמיר,12:00 - 14:59 - שפל יום 2,2023,5,129,155,146,138,156,,122,143,153,140,128,135,,109,128,140,151,165,131,,128,138,146,151,152,,,119,131,137,121
20050,סמינר הקיבוצים/דרך נמיר,12:00 - 14:59 - שפל יום 2,2023,6,162,167,,126,140,135,141,138,110,,146,141,131,135,153,142,,117,143,158,157,150,144,,124,142,167,129,112,105,
20050,סמינר הקיבוצים/דרך נמיר,12:00 - 14:59 - שפל יום 2,2023,7,,75,140,116,104,148,139,,118,130,81,137,138,104,,124,120,109,116,145,110,,124,173,98,118,124,140,,114,118
20050,סמינר הקיבוצים/דרך נמיר,12:00 - 14:59 - שפל יום 2,2023,8,120,134,156,125,,129,101,109,118,136,123,,103,123,116,111,121,142,,108,98,128,145,151,125,,117,121,126,122,127
20050,סמינר הקיבוצים/דרך נמיר,12:00 - 14:59 - שפל יום 2,2023,9,91,,169,123,141,121,136,114,3,121,114,122,92,146,99,,,125,97,109,140,119,,93,,114,127,120,94,,
20050,סמינר הקיבוצים/דרך נמיר,12:00 - 14:59 - שפל יום 2,2023,10,96,121,112,122,127,82,,21,30,35,32,45,22,,29,45,51,40,61,52,,67,78,71,80,88,56,,67,67,74
20050,סמינר הקיבוצים/דרך נמיר,12:00 - 14:59 - שפל יום 2,2023,11,76,82,81,,59,81,65,83,81,92,,70,78,107,96,78,97,,57,105,85,83,106,107,,91,92,98,92,103,
20050,סמינר הקיבוצים/דרך נמיר,12:00 - 14:59 - שפל יום 2,2023,12,119,,104,111,130,100,102,84,,82,117,98,105,129,124,,122,121,119,92,108,129,,88,67,70,79,14,,,
20050,סמינר הקיבוצים/דרך נמיר,15:00 - 18:59 - שיא ערב,2023,1,204,216,272,256,261,39,34,211,318,294,296,288,46,30,248,283,259,277,257,62,71,265,304,280,299,273,60,43,234,250,241
20050,סמינר הקיבוצים/דרך נמיר,15:00 - 18:59 - שיא ערב,2023,2,212,261,61,38,264,208,177,224,234,74,28,224,232,256,228,239,61,53,245,238,238,242,238,51,66,246,254,244,,,
20050,סמינר הקיבוצים/דרך נמיר,15:00 - 18:59 - שיא ערב,2023,3,219,222,63,49,275,280,186,216,216,64,64,258,270,269,262,264,82,48,236,264,277,296,174,79,56,243,192,215,270,248,85
20050,סמינר הקיבוצים/דרך נמיר,15:00 - 18:59 - שיא ערב,2023,4,68,254,232,250,82,32,78,66,150,170,55,27,208,69,55,254,342,239,249,240,54,44,216,288,95,93,224,72,82,269,
20050,סמינר הקיבוצים/דרך נמיר,15:00 - 18:59 - שיא ערב,2023,5,283,265,241,240,65,76,255,291,265,224,246,60,63,253,285,252,275,219,78,59,291,305,270,260,118,,55,242,245,225,252
20050,סמינר הקיבוצים/דרך נמיר,15:00 - 18:59 - שיא ערב,2023,6,254,71,69,266,266,250,278,240,90,85,250,294,315,253,261,116,32,264,271,263,303,249,92,57,253,258,257,190,203,65,
20050,סמינר הקיבוצים/דרך נמיר,15:00 - 18:59 - שיא ערב,2023,7,60,185,266,219,252,214,104,57,269,256,189,235,236,81,50,256,261,238,235,219,76,65,234,213,281,260,236,64,60,269,245
20050,סמינר הקיבוצים/דרך נמיר,15:00 - 18:59 - שיא ערב,2023,8,227,254,232,76,53,211,254,275,244,242,71,84,233,244,245,221,247,94,53,240,242,296,265,245,99,52,248,268,224,254,234
20050,סמינר הקיבוצים/דרך נמיר,15:00 - 18:59 - שיא ערב,2023,9,72,51,192,241,210,237,222,48,42,203,216,237,229,207,64,,35,230,222,201,251,65,54,4,,256,208,261,59,33,
20050,סמינר הקיבוצים/דרך נמיר,15:00 - 18:59 - שיא ערב,2023,10,215,248,250,222,260,58,9,36,27,45,35,59,11,2,49,73,76,101,93,23,5,104,112,122,133,115,26,9,107,119,116
20050,סמינר הקיבוצים/דרך נמיר,15:00 - 18:59 - שיא ערב,2023,11,115,135,22,10,120,141,122,132,133,33,12,142,140,152,146,143,32,23,84,129,164,140,136,56,13,137,161,178,199,202,
20050,סמינר הקיבוצים/דרך נמיר,15:00 - 18:59 - שיא ערב,2023,12,33,27,162,182,188,179,163,42,21,157,162,161,178,177,43,29,176,190,205,197,165,28,27,148,160,155,95,22,,,
20050,סמינר הקיבוצים/דרך נמיר,19:00 - 23:59 - שפל ערב,2023,1,113,116,127,137,155,,20,134,159,144,167,111,,43,132,149,156,152,133,,242,146,173,156,166,131,,224,136,121,141
20050,סמינר הקיבוצים/דרך נמיר,19:00 - 23:59 - שפל ערב,2023,2,120,133,,65,132,66,81,125,169,,75,127,118,125,123,119,,122,109,118,113,161,167,,76,117,150,133,,,
20050,סמינר הקיבוצים/דרך נמיר,19:00 - 23:59 - שפל ערב,2023,3,101,163,,125,112,89,122,145,136,,117,174,162,181,126,170,,89,117,164,159,143,146,,70,121,100,142,168,131,
20050,סמינר הקיבוצים/דרך נמיר,19:00 - 23:59 - שפל ערב,2023,4,73,180,156,160,,56,,81,107,106,,28,127,,86,129,112,152,139,138,,117,143,105,70,114,154,,136,154,
20050,סמינר הקיבוצים/דרך נמיר,19:00 - 23:59 - שפל ערב,2023,5,179,160,158,180,,124,176,154,132,121,124,,87,150,185,207,164,157,,171,164,176,150,205,,,144,138,147,176,175
20050,סמינר הקיבוצים/דרך נמיר,19:00 - 23:59 - שפל ערב,2023,6,170,,136,178,266,175,173,163,,163,148,164,160,182,167,,111,158,168,195,201,165,,120,135,160,163,157,140,,
20050,סמינר הקיבוצים/דרך נמיר,19:00 - 23:59 - שפל ערב,2023,7,76,96,175,152,177,134,,105,159,165,132,183,174,,87,147,168,172,124,183,,121,202,168,178,118,218,,122,187,160
20050,סמינר הקיבוצים/דרך נמיר,19:00 - 23:59 - שפל ערב,2023,8,145,229,209,,99,142,176,206,117,185,,112,149,169,202,189,150,,84,154,222,176,181,155,,110,143,151,233,198,140
20050,סמינר הקיבוצים/דרך נמיר,19:00 - 23:59 - שפל ערב,2023,9,,102,139,123,156,140,140,,120,124,140,132,180,142,,,101,113,135,133,165,,95,,24,150,108,136,,85,
20050,סמינר הקיבוצים/דרך נמיר,19:00 - 23:59 - שפל ערב,2023,10,93,121,135,142,153,,19,12,17,19,14,25,,3,16,27,40,57,36,,12,41,43,40,41,41,,15,35,49,45
20050,סמינר הקיבוצים/דרך נמיר,19:00 - 23:59 - שפל ערב,2023,11,51,45,,17,58,52,56,64,51,,16,65,70,54,86,65,,22,35,62,63,86,94,,32,74,78,88,72,79,
20050,סמינר הקיבוצים/דרך נמיר,19:00 - 23:59 - שפל ערב,2023,12,,32,80,93,73,82,87,,35,77,90,84,98,96,,32,102,105,89,114,107,,19,72,78,71,31,2,,,
20050,סמינר הקיבוצים/דרך נמיר,24:00 - 27:59 - שפל לילה,2023,1,9,3,5,6,,17,,2,1,1,2,,7,,4,2,1,5,4,9,,15,3,2,2,2,15,,4,2,2
20050,סמינר הקיבוצים/דרך נמיר,24:00 - 27:59 - שפל לילה,2023,2,3,,17,,1,3,,5,1,10,,2,,2,2,7,6,,15,2,4,6,16,14,,10,1,2,,,
20050,סמינר הקיבוצים/דרך נמיר,24:00 - 27:59 - שפל לילה,2023,3,1,5,12,,12,9,2,4,8,17,,6,5,3,5,6,10,,11,2,1,9,4,5,,13,3,14,6,8,15
20050,סמינר הקיבוצים/דרך נמיר,24:00 - 27:59 - שפל לילה,2023,4,,10,5,5,24,,1,,3,6,13,,1,12,,3,2,2,4,4,5,,4,3,1,9,8,12,,9,
20050,סמינר הקיבוצים/דרך נמיר,24:00 - 27:59 - שפל לילה,2023,5,4,2,3,2,15,,4,8,5,5,3,10,,5,3,8,14,2,16,,7,2,6,8,6,,,3,6,2,7
20050,סמינר הקיבוצים/דרך נמיר,24:00 - 27:59 - שפל לילה,2023,6,2,18,,2,5,27,5,4,4,,12,3,6,9,40,18,,4,23,14,17,9,21,,19,13,20,4,16,32,
20050,סמינר הקיבוצים/דרך נמיר,24:00 - 27:59 - שפל לילה,2023,7,,13,13,19,23,30,22,,7,12,14,6,20,13,,4,8,10,19,12,23,,3,26,10,14,5,35,,11,6
20050,סמינר הקיבוצים/דרך נמיר,24:00 - 27:59 - שפל לילה,2023,8,10,15,19,19,,5,10,17,15,1,21,,8,9,17,9,15,10,,4,11,4,20,8,29,,5,18,5,87,12
20050,סמינר הקיבוצים/דרך נמיר,24:00 - 27:59 - שפל לילה,2023,9,8,,2,5,3,10,6,14,,4,11,9,10,6,10,,,2,3,5,,22,,4,,1,8,7,9,,
20050,סמינר הקיבוצים/דרך נמיר,24:00 - 27:59 - שפל לילה,2023,10,4,5,3,5,22,11,,,,,,,,,1,1,1,,,,,,1,,4,3,,,,1,1
20050,סמינר הקיבוצים/דרך נמיר,24:00 - 27:59 - שפל לילה,2023,11,,,1,,,2,1,1,1,2,,,,,2,1,4,,,,,,2,1,,,1,2,4,2,
20050,סמינר הקיבוצים/דרך נמיר,24:00 - 27:59 - שפל לילה,2023,12,2,,1,1,,4,4,1,,,1,3,3,2,5,,1,1,2,4,2,4,,,1,2,1,,,,
20095,הירקון/יונה הנביא,04:00 - 05:59 - שפל לפנות בוקר,2023,1,1,,,,,,,,,,,,,,,,,,,,,,,,,,,,,,
20095,הירקון/יונה הנביא,04:00 - 05:59 - שפל לפנות בוקר,2023,2,,,,,,,,,,,,,1,,,,,,,,,,,,,,,,,,
20095,הירקון/יונה הנביא,04:00 - 05:59 - שפל לפנות בוקר,2023,8,,1,1,,,,,,,,,,,,1,1,,,,1,2,,,,3,,,1,1,1,1
20095,הירקון/יונה הנביא,04:00 - 05:59 - שפל לפנות בוקר,2023,9,,,1,2,2,1,3,,,4,4,1,1,1,1,,,1,1,1,1,1,,,,1,2,2,1,,
20095,הירקון/יונה הנביא,04:00 - 05:59 - שפל לפנות בוקר,2023,10,3,,3,1,,1,,,1,2,1,1,1,,,1,1,1,1,,,2,1,,1,1,,,1,1,1
20095,הירקון/יונה הנביא,04:00 - 05:59 - שפל לפנות בוקר,2023,11,1,1,,,1,2,1,,1,,,,1,2,1,2,,,1,1,1,1,1,1,,3,2,2,,2,
20095,הירקון/יונה הנביא,04:00 - 05:59 - שפל לפנות בוקר,2023,12,1,,,,,,1,,,,1,1,2,,,,1,2,3,2,2,1,,2,,3,1,,,,
20095,הירקון/יונה הנביא,06:00 - 08:59 - שיא בוקר,2023,3,,,,,,1,,,,,,,,,,,,,,,,,,,,,,,,,
20095,הירקון/יונה הנביא,06:00 - 08:59 - שיא בוקר,2023,7,,,,,,,,,,,5,3,2,,,,,,,,,,13,10,4,6,4,3,,8,8
20095,הירקון/יונה הנביא,06:00 - 08:59 - שיא בוקר,2023,8,10,12,8,5,,8,14,11,26,8,1,,5,22,17,19,21,9,,26,25,27,20,27,19,,26,26,16,26,26
20095,הירקון/יונה הנביא,06:00 - 08:59 - שיא בוקר,2023,9,10,,29,25,23,24,31,10,,25,27,25,24,29,9,,,34,35,32,32,14,,18,,21,28,25,18,,
20095,הירקון/יונה הנביא,06:00 - 08:59 - שיא בוקר,2023,10,21,17,22,16,20,12,,6,7,15,13,5,5,,3,8,11,7,7,4,,9,8,9,8,9,6,,10,13,16
20095,הירקון/יונה הנביא,06:00 - 08:59 - שיא בוקר,2023,11,19,23,6,,19,16,23,23,28,11,,23,21,28,27,29,12,,21,29,20,23,19,13,,22,40,26,20,24,
20095,הירקון/יונה הנביא,06:00 - 08:59 - שיא בוקר,2023,12,16,,32,53,17,34,27,22,,21,25,24,26,21,14,,30,22,30,23,30,17,,33,20,15,13,,,,
20095,הירקון/יונה הנביא,09:00 - 11:59 - שפל יום 1,2023,3,,,,,,,,,,,,,,,,,,,,,,,,1,,,,,,,
20095,הירקון/יונה הנביא,09:00 - 11:59 - שפל יום 1,2023,7,,,,,,,,,,,3,,3,4,,,,,,,,,12,16,8,7,11,11,,4,6
20095,הירקון/יונה הנביא,09:00 - 11:59 - שפל יום 1,2023,8,13,15,16,6,,13,11,10,7,13,16,,13,18,16,13,20,26,,21,34,30,44,39,37,,20,30,20,37,26
20095,הירקון/יונה הנביא,09:00 - 11:59 - שפל יום 1,2023,9,27,,24,28,33,31,24,28,,41,45,28,32,40,28,,,14,32,34,37,28,,25,,26,31,45,40,,
20095,הירקון/יונה הנביא,09:00 - 11:59 - שפל יום 1,2023,10,56,37,38,38,55,42,,4,14,4,18,12,9,,3,10,15,2,19,8,,13,22,9,12,17,22,,21,27,22
20095,הירקון/יונה הנביא,09:00 - 11:59 - שפל יום 1,2023,11,21,17,18,,17,20,16,28,25,16,,24,35,29,26,16,37,,16,20,30,24,37,30,,27,22,37,39,35,
20095,הירקון/יונה הנביא,09:00 - 11:59 - שפל יום 1,2023,12,41,,35,37,25,28,39,37,,35,32,40,35,25,29,,29,39,29,43,30,55,,28,19,36,19,,,,
20095,הירקון/יונה הנביא,12:00 - 14:59 - שפל יום 2,2023,3,,,,,,,,,,,,,,,,,,,,,,,,,,,,1,,,
20095,הירקון/יונה הנביא,12:00 - 14:59 - שפל יום 2,2023,7,,,,,,,,,,,,1,4,13,,,,,,,,,5,9,5,7,4,10,,11,3
20095,הירקון/יונה הנביא,12:00 - 14:59 - שפל יום 2,2023,8,14,22,14,18,,17,16,10,13,16,20,,16,16,32,19,20,59,,23,31,45,25,46,66,,46,36,33,30,33
20095,הירקון/יונה הנביא,12:00 - 14:59 - שפל יום 2,2023,9,40,,28,34,37,34,28,63,,24,29,29,24,29,19,,,32,31,27,31,36,,19,,48,46,29,43,,
20095,הירקון/יונה הנביא,12:00 - 14:59 - שפל יום 2,2023,10,47,54,73,45,49,42,,9,7,12,12,5,10,,8,7,10,4,15,7,,21,7,19,13,21,28,,8,22,20
20095,הירקון/יונה הנביא,12:00 - 14:59 - שפל יום 2,2023,11,27,24,20,,18,25,17,21,25,29,,26,43,23,35,43,28,,20,36,22,34,43,40,,31,30,15,28,37,
20095,הירקון/יונה הנביא,12:00 - 14:59 - שפל יום 2,2023,12,25,,32,35,43,35,26,50,,50,48,44,34,31,43,,46,38,38,25,35,40,,20,30,21,28,,,,
20095,הירקון/יונה הנביא,15:00 - 18:59 - שיא ערב,2023,2,,,,,,,,,,,,,,1,,,,,,,,,,,,,,,,,
20095,הירקון/יונה הנביא,15:00 - 18:59 - שיא ערב,2023,7,,,,,,,,,,,5,6,4,4,,,,,,,,,13,11,10,10,11,14,,14,25
20095,הירקון/יונה הנביא,15:00 - 18:59 - שיא ערב,2023,8,24,34,43,20,,20,38,25,39,49,15,,34,23,31,25,63,33,,62,58,74,83,66,26,,86,53,74,67,55
20095,הירקון/יונה הנביא,15:00 - 18:59 - שיא ערב,2023,9,14,,47,36,40,53,38,11,2,40,51,36,31,37,2,,,38,44,43,76,18,,,,74,61,88,22,,
20095,הירקון/יונה הנביא,15:00 - 18:59 - שיא ערב,2023,10,81,81,118,104,92,27,,10,6,15,8,18,2,,6,18,15,7,9,5,,17,16,27,25,24,3,,13,16,21
20095,הירקון/יונה הנביא,15:00 - 18:59 - שיא ערב,2023,11,26,23,1,,23,26,26,22,38,4,2,27,32,34,52,40,4,2,24,45,57,38,40,7,8,39,39,43,50,54,
20095,הירקון/יונה הנביא,15:00 - 18:59 - שיא ערב,2023,12,5,2,43,47,50,31,40,5,5,59,42,54,39,59,5,7,43,45,42,56,70,11,8,47,32,25,33,,,,
20095,הירקון/יונה הנביא,19:00 - 23:59 - שפל ערב,2023,7,,,,,,,,,,,5,5,7,,,,,,,,,,18,10,10,4,16,,4,7,16
20095,הירקון/יונה הנביא,19:00 - 23:59 - שפל ערב,2023,8,28,20,30,,6,20,35,27,35,42,,12,25,47,35,63,73,,16,43,56,58,40,78,,8,49,42,46,38,51
20095,הירקון/יונה הנביא,19:00 - 23:59 - שפל ערב,2023,9,,11,54,57,50,46,50,,12,17,34,33,44,21,,,12,46,34,52,44,,19,,7,44,36,55,,13,
20095,הירקון/יונה הנביא,19:00 - 23:59 - שפל ערב,2023,10,34,36,59,49,60,,2,3,5,2,2,6,,2,2,9,4,2,10,,6,12,6,10,17,15,,1,9,17,9
20095,הירקון/יונה הנביא,19:00 - 23:59 - שפל ערב,2023,11,11,13,,10,8,17,13,17,21,,10,8,18,9,21,29,,10,10,11,19,36,25,,20,13,31,25,25,34,
20095,הירקון/יונה הנביא,19:00 - 23:59 - שפל ערב,2023,12,,15,17,27,18,20,18,,15,20,26,27,32,41,,18,27,37,13,34,59,,18,27,20,16,19,,,,
20095,הירקון/יונה הנביא,24:00 - 27:59 - שפל לילה,2023,1,34,,,,,1,,2,,,,,8,,3,,,,,,,2,,,,,5,,10,,
20095,הירקון/יונה הנביא,24:00 - 27:59 - שפל לילה,2023,2,,,,,,,,,,1,,1,,,,,2,,4,,,,,,,,,,,,
20095,הירקון/יונה הנביא,24:00 - 27:59 - שפל לילה,2023,4,,,,,,,,,,,,,,,,1,,,,,,,,,,,,,,1,
20095,הירקון/יונה הנביא,24:00 - 27:59 - שפל לילה,2023,7,,,,,,,,,,,,,,1,,,,,,,,,,,,2,,1,,,4
20095,הירקון/יונה הנביא,24:00 - 27:59 - שפל לילה,2023,8,1,,7,1,,,3,1,2,,1,,2,1,1,5,10,3,,2,1,5,2,4,14,,2,3,3,1,1
20095,הירקון/יונה הנביא,24:00 - 27:59 - שפל לילה,2023,9,6,,,1,,4,1,7,,1,,,3,,3,,,3,,4,1,6,,2,,,5,1,3,,
20095,הירקון/יונה הנביא,24:00 - 27:59 - שפל לילה,2023,10,17,1,3,2,4,2,,,,,1,1,1,,,,1,,4,1,,,1,,1,,1,,,,
20095,הירקון/יונה הנביא,24:00 - 27:59 - שפל לילה,2023,11,1,,3,,,,,,1,1,,2,,,,,,,1,,,1,1,7,,,2,1,,1,
20095,הירקון/יונה הנביא,24:00 - 27:59 - שפל לילה,2023,12,,,,,,1,,1,,,3,2,6,,5,,1,,2,2,,4,,1,,,1,,,,